,Actual,Predicted
0,6,6
1,5,5
2,10,10
3,0,0
4,3,3
5,21,22
6,10,10
7,14,14
8,3,3
9,7,7
10,8,8
11,8,8
12,21,22
13,12,12
14,7,7
15,4,4
16,22,10
17,0,0
18,7,7
19,7,7
20,2,2
21,0,0
22,21,21
23,4,4
24,10,10
25,15,15
26,2,2
27,15,15
28,7,7
29,1,1
30,7,7
31,8,0
32,13,13
33,19,19
34,3,23
35,21,21
36,13,0
37,3,3
38,18,18
39,14,14
40,15,15
41,23,22
42,8,8
43,15,15
44,14,14
45,5,5
46,17,17
47,4,4
48,19,23
49,13,13
50,20,20
51,22,22
52,20,24
53,5,2
54,16,16
55,16,16
56,21,22
57,4,4
58,7,6
59,22,20
60,10,17
61,13,13
62,11,11
63,22,17
64,2,2
65,10,10
66,1,1
67,4,4
68,18,18
69,4,4
70,20,20
71,6,6
72,15,15
73,4,4
74,3,3
75,20,20
76,15,15
77,11,11
78,2,2
79,2,2
80,17,17
81,2,2
82,7,7
83,21,22
84,23,23
85,7,7
86,12,12
87,17,21
88,24,18
89,14,14
90,2,2
91,1,1
92,7,7
93,23,23
94,8,0
95,5,5
96,0,0
97,0,0
98,19,19
99,21,22
100,8,8
101,4,4
102,2,2
103,20,20
104,16,16
105,1,1
106,15,15
107,14,14
108,2,2
109,6,6
110,12,12
111,5,5
112,0,0
113,24,24
114,2,2
115,19,23
116,14,14
117,24,24
118,16,16
119,10,8
120,4,4
121,8,0
122,8,0
123,12,4
124,12,12
125,8,8
126,6,6
127,21,22
128,4,4
129,15,15
130,11,11
131,21,21
132,2,2
133,15,15
134,23,23
135,23,23
136,4,4
137,21,22
138,22,22
139,3,3
140,15,15
141,18,18
142,7,7
143,17,17
144,21,21
145,6,6
146,1,1
147,6,7
148,10,10
149,5,5
150,4,4
151,21,5
152,3,3
153,21,5
154,14,14
155,23,22
156,2,2
157,10,10
158,7,7
159,5,5
160,14,14
161,21,5
162,8,8
163,4,4
164,18,12
165,23,23
166,13,13
167,3,3
168,6,6
169,8,8
170,13,13
171,15,15
172,4,4
173,16,16
174,3,3
175,17,17
176,18,18
177,6,16
178,21,22
179,1,1
180,13,13
181,16,16
182,24,8
183,23,23
184,2,2
185,7,7
186,8,8
187,24,19
188,1,1
189,12,12
190,23,23
191,3,3
192,0,0
193,15,15
194,13,0
195,15,15
196,13,13
197,5,5
198,11,11
199,1,3
200,7,7
201,7,6
202,8,13
203,1,3
204,23,23
205,0,0
206,8,23
207,19,23
208,20,24
209,14,14
210,3,3
211,7,7
212,14,14
213,12,13
214,18,12
215,6,6
216,3,3
217,15,15
218,4,4
219,10,10
220,4,4
221,15,15
222,5,5
223,6,6
224,10,10
225,1,1
226,2,2
227,15,15
228,17,21
229,18,18
230,12,18
231,6,6
232,5,5
233,19,19
234,5,5
235,1,1
236,21,21
237,8,8
238,23,23
239,24,24
240,10,23
241,7,7
242,19,19
243,12,12
244,24,24
245,1,1
246,15,15
247,4,4
248,10,10
249,22,22
250,16,16
251,1,1
252,24,24
253,12,12
254,24,24
255,1,1
256,22,22
257,19,19
258,4,4
259,23,22
260,10,10
261,12,12
262,3,3
263,12,13
264,16,16
265,8,8
266,19,19
267,17,17
268,14,14
269,6,6
270,10,17
271,8,23
272,20,20
273,24,24
274,7,7
275,4,4
276,10,20
277,6,6
278,0,0
279,15,15
280,13,16
281,14,2
282,6,6
283,24,24
284,6,6
285,14,14
286,12,12
287,18,18
288,21,19
289,20,10
290,6,6
291,1,1
292,24,24
293,1,1
294,20,10
295,2,2
296,19,23
297,12,12
298,15,15
299,24,18
300,7,7
301,13,13
302,2,2
303,4,18
304,1,1
305,4,4
306,4,4
307,8,8
308,21,22
309,0,0
310,0,0
311,0,0
312,21,21
313,17,17
314,21,22
315,16,16
316,2,2
317,23,23
318,14,2
319,3,3
320,15,15
321,12,12
322,2,2
323,5,5
324,5,5
325,21,22
326,21,21
327,14,14
328,15,15
329,18,18
330,7,7
331,3,3
332,1,1
333,7,7
334,20,10
335,8,8
336,12,12
337,3,3
338,13,13
339,19,19
340,20,20
341,4,4
342,1,1
343,24,18
344,3,23
345,20,20
346,18,18
347,15,15
348,6,6
349,4,4
350,1,1
351,24,24
352,2,2
353,8,0
354,4,4
355,24,11
356,6,6
357,1,1
358,4,4
359,19,23
360,24,24
361,10,8
362,12,18
363,20,20
364,1,1
365,6,6
366,21,21
367,23,23
368,11,11
369,23,23
370,2,2
371,15,15
372,3,3
373,23,23
374,14,2
375,24,24
376,19,19
377,15,15
378,10,23
379,24,22
380,13,13
381,7,7
382,21,21
383,18,12
384,12,13
385,0,0
386,23,23
387,21,22
388,5,5
389,10,10
390,4,4
391,3,3
392,17,17
393,14,14
394,6,6
395,8,8
396,23,23
397,20,20
398,7,7
399,12,12
400,22,22
401,0,0
402,7,7
403,4,4
404,10,10
405,12,12
406,4,4
407,1,1
408,11,11
409,14,14
410,20,20
411,21,19
412,3,3
413,12,12
414,24,24
415,11,11
416,1,1
417,10,10
418,22,22
419,7,7
420,11,11
421,1,1
422,15,15
423,18,18
424,24,24
425,10,8
426,0,0
427,7,7
428,19,19
429,7,7
430,22,22
431,18,18
432,1,1
433,2,2
434,14,14
435,21,22
436,12,12
437,18,12
438,1,1
439,15,15
440,22,22
441,6,6
442,21,17
443,15,15
444,19,23
445,12,13
446,5,5
447,22,10
448,1,1
449,12,12
450,18,18
451,24,24
452,14,14
453,18,18
454,22,22
455,13,13
456,7,6
457,21,19
458,18,18
459,11,11
460,7,7
461,3,23
462,3,3
463,12,12
464,0,0
465,4,4
466,1,1
467,6,6
468,19,19
469,10,10
470,16,16
471,12,12
472,0,0
473,20,20
474,14,14
475,20,10
476,21,21
477,2,2
478,2,2
479,19,19
480,13,13
481,23,23
482,5,5
483,2,2
484,6,6
485,0,0
486,15,15
487,1,1
488,17,21
489,21,19
490,1,1
491,12,12
492,0,0
493,12,12
494,21,21
495,24,24
496,24,24
497,22,22
498,24,8
499,7,7
500,1,1
501,12,13
502,22,22
503,6,7
504,12,12
505,12,18
506,13,13
507,1,1
508,24,24
509,1,1
510,1,1
511,8,8
512,21,22
513,20,10
514,15,15
515,5,2
516,15,15
517,23,22
518,12,12
519,8,8
520,0,0
521,4,4
522,18,18
523,4,4
524,18,12
525,23,23
526,5,5
527,8,8
528,7,6
529,19,23
530,13,19
531,23,22
532,15,15
533,4,18
534,14,14
535,19,19
536,18,18
537,4,4
538,23,23
539,3,3
540,11,11
541,11,11
542,5,2
543,0,0
544,6,6
545,15,15
546,12,4
547,19,23
548,12,12
549,8,8
550,14,14
551,2,2
552,13,16
553,21,19
554,17,20
555,6,6
556,2,2
557,12,18
558,7,7
559,24,24
560,5,5
561,19,19
562,4,4
563,12,12
564,15,15
565,17,20
566,20,24
567,4,4
568,15,15
569,16,16
570,12,13
571,10,20
572,17,17
573,0,0
574,7,7
575,21,19
576,12,18
577,4,4
578,23,22
579,8,8
580,1,1
581,6,6
582,22,22
583,10,10
584,14,14
585,17,17
586,23,22
587,7,7
588,23,23
589,8,8
590,8,8
591,2,2
592,2,2
593,11,11
594,2,2
595,18,18
596,16,16
597,4,4
598,22,22
599,0,0
600,6,6
601,0,0
602,23,23
603,4,4
604,6,6
605,13,13
606,4,4
607,20,20
608,7,7
609,1,1
610,19,19
611,21,21
612,7,7
613,6,6
614,15,15
615,8,8
616,14,14
617,17,17
618,15,15
619,0,0
620,11,11
621,22,17
622,12,12
623,13,13
624,21,22
625,4,4
626,7,7
627,18,18
628,12,18
629,21,23
630,1,1
631,16,16
632,15,15
633,8,8
634,15,15
635,23,22
636,19,19
637,15,15
638,21,19
639,7,7
640,21,22
641,21,22
642,0,0
643,10,10
644,12,12
645,6,6
646,13,13
647,12,12
648,5,5
649,20,24
650,5,5
651,12,18
652,13,13
653,4,4
654,10,17
655,7,7
656,11,11
657,0,0
658,3,3
659,11,2
660,12,12
661,7,7
662,12,4
663,4,18
664,5,5
665,12,12
666,21,21
667,11,11
668,6,6
669,24,19
670,4,4
671,2,2
672,8,8
673,4,4
674,24,18
675,10,10
676,3,3
677,0,0
678,23,23
679,4,4
680,10,10
681,4,4
682,19,19
683,20,20
684,12,12
685,11,11
686,6,16
687,12,12
688,15,15
689,18,12
690,19,19
691,13,16
692,4,4
693,10,20
694,5,5
695,18,12
696,24,18
697,3,3
698,7,7
699,2,2
700,1,1
701,8,23
702,0,0
703,4,4
704,6,6
705,15,15
706,15,15
707,4,4
708,15,15
709,5,5
710,3,3
711,5,5
712,24,24
713,12,12
714,8,8
715,17,21
716,10,20
717,15,15
718,16,16
719,20,20
720,12,18
721,21,21
722,23,23
723,7,7
724,4,4
725,15,15
726,12,12
727,7,6
728,24,19
729,19,23
730,7,7
731,23,23
732,15,15
733,1,1
734,4,4
735,15,15
736,14,14
737,13,13
738,0,0
739,19,19
740,6,6
741,1,1
742,17,21
743,10,10
744,7,7
745,10,10
746,10,17
747,1,1
748,6,6
749,10,15
750,20,20
751,12,12
752,23,23
753,19,19
754,2,2
755,15,15
756,21,23
757,6,6
758,6,6
759,3,3
760,0,0
761,18,12
762,21,17
763,24,24
764,5,5
765,4,4
766,4,4
767,15,15
768,7,7
769,4,4
770,19,19
771,12,13
772,8,23
773,11,11
774,1,1
775,19,19
776,19,19
777,6,6
778,1,3
779,20,24
780,18,18
781,6,6
782,15,15
783,5,5
784,24,8
785,19,19
786,3,3
787,22,22
788,7,7
789,5,2
790,8,8
791,10,10
792,0,0
793,1,1
794,7,7
795,4,4
796,24,8
797,6,6
798,12,12
799,14,14
800,22,22
801,1,1
802,1,3
803,19,19
804,15,15
805,18,4
806,21,22
807,11,11
808,6,6
809,3,3
810,4,4
811,8,8
812,6,6
813,2,2
814,12,12
815,14,14
816,0,0
817,10,10
818,24,24
819,13,13
820,2,2
821,12,12
822,14,14
823,23,23
824,6,16
825,6,6
826,4,4
827,20,24
828,24,24
829,1,1
830,24,24
831,0,0
832,5,5
833,7,7
834,23,23
835,2,2
836,22,22
837,19,23
838,21,21
839,6,6
840,21,21
841,22,22
842,13,13
843,10,8
844,24,24
845,7,7
846,15,15
847,20,20
848,13,13
849,7,7
850,10,10
851,3,3
852,8,8
853,1,1
854,1,1
855,3,3
856,1,1
857,4,4
858,0,0
859,19,19
860,6,6
861,15,15
862,11,11
863,7,7
864,13,13
865,15,15
866,0,0
867,10,17
868,12,12
869,0,0
870,7,7
871,20,20
872,5,5
873,5,2
874,4,4
875,23,23
876,1,1
877,17,17
878,4,4
879,20,20
880,7,7
881,5,5
882,4,4
883,7,7
884,23,23
885,4,4
886,15,15
887,10,10
888,10,10
889,21,21
890,15,15
891,10,15
892,3,3
893,8,8
894,7,7
895,7,7
896,4,4
897,1,1
898,6,6
899,8,8
900,21,22
901,2,2
902,22,10
903,1,1
904,18,12
905,1,1
906,14,14
907,16,16
908,14,14
909,2,2
910,12,12
911,10,17
912,5,5
913,12,12
914,7,7
915,1,1
916,1,1
917,24,24
918,13,13
919,7,7
920,14,16
921,21,22
922,6,6
923,19,19
924,18,12
925,4,18
926,21,21
927,19,19
928,4,4
929,4,4
930,6,6
931,13,12
932,1,1
933,15,15
934,0,0
935,8,0
936,0,0
937,14,2
938,12,12
939,7,7
940,21,21
941,8,8
942,12,13
943,10,10
944,2,2
945,1,1
946,19,19
947,2,2
948,24,18
949,21,19
950,8,8
951,24,24
952,3,3
953,18,18
954,0,0
955,6,6
956,1,1
957,11,11
958,21,21
959,14,14
960,6,16
961,0,0
962,11,11
963,24,24
964,13,13
965,19,19
966,24,24
967,13,16
968,4,4
969,16,16
970,0,0
971,0,0
972,6,6
973,22,22
974,10,23
975,1,1
976,4,4
977,5,5
978,7,7
979,5,5
980,16,16
981,4,4
982,11,11
983,14,19
984,0,0
985,12,18
986,24,22
987,22,22
988,7,7
989,15,15
990,12,12
991,16,16
992,2,2
993,22,10
994,1,1
995,5,5
996,24,24
997,4,4
998,8,8
999,6,16
1000,3,3
1001,21,21
1002,6,6
1003,0,0
1004,4,4
1005,21,5
1006,7,7
1007,24,24
1008,23,23
1009,14,16
1010,11,11
1011,11,11
1012,1,1
1013,10,10
1014,10,8
1015,15,15
1016,1,1
1017,5,5
1018,24,17
1019,0,0
1020,21,21
1021,20,20
1022,5,5
1023,22,22
1024,20,24
1025,6,6
1026,7,7
1027,5,5
1028,20,20
1029,10,10
1030,4,4
1031,6,6
1032,12,12
1033,12,12
1034,5,5
1035,23,23
1036,6,6
1037,17,21
1038,12,4
1039,14,16
1040,10,10
1041,10,10
1042,15,15
1043,20,24
1044,0,0
1045,6,6
1046,7,7
1047,1,1
1048,10,10
1049,20,20
1050,21,21
1051,6,6
1052,15,15
1053,19,23
1054,10,10
1055,10,10
1056,1,1
1057,0,0
1058,13,13
1059,0,0
1060,1,1
1061,14,14
1062,5,5
1063,19,19
1064,16,16
1065,2,2
1066,18,12
1067,17,21
1068,20,24
1069,2,2
1070,1,1
1071,15,15
1072,7,7
1073,4,4
1074,2,2
1075,2,2
1076,0,0
1077,24,24
1078,4,4
1079,13,13
1080,4,4
1081,18,18
1082,14,14
1083,20,20
1084,21,21
1085,16,16
1086,0,0
1087,18,18
1088,24,24
1089,18,12
1090,12,13
1091,3,3
1092,12,4
1093,8,8
1094,24,24
1095,24,24
1096,10,17
1097,13,13
1098,4,4
1099,1,1
1100,7,7
1101,6,6
1102,19,19
1103,14,14
1104,11,11
1105,21,21
1106,0,0
1107,24,24
1108,16,16
1109,7,7
1110,8,13
1111,8,8
1112,11,11
1113,1,1
1114,4,4
1115,20,20
1116,7,7
1117,11,11
1118,3,3
1119,4,4
1120,10,15
1121,21,21
1122,0,0
1123,8,23
1124,7,7
1125,15,15
1126,4,4
1127,2,2
1128,4,4
1129,20,24
1130,16,16
1131,15,15
1132,22,22
1133,10,23
1134,19,19
1135,18,18
1136,13,13
1137,0,0
1138,4,4
1139,1,1
1140,12,12
1141,20,20
1142,5,5
1143,17,17
1144,11,11
1145,0,0
1146,3,3
1147,21,5
1148,2,2
1149,1,1
1150,17,20
1151,4,4
1152,3,3
1153,20,20
1154,2,2
1155,3,3
1156,13,13
1157,23,23
1158,15,15
1159,4,4
1160,5,5
1161,13,16
1162,4,4
1163,21,21
1164,10,17
1165,22,22
1166,23,22
1167,16,16
1168,11,11
1169,21,21
1170,6,7
1171,6,7
1172,4,18
1173,20,20
1174,14,14
1175,24,24
1176,5,5
1177,14,14
1178,7,6
1179,2,2
1180,19,19
1181,5,5
1182,0,0
1183,24,24
1184,18,18
1185,23,23
1186,15,15
1187,21,23
1188,4,4
1189,12,12
1190,0,0
1191,15,15
1192,5,2
1193,1,1
1194,12,4
1195,22,22
1196,8,8
1197,6,16
1198,1,1
1199,11,2
1200,1,1
1201,7,7
1202,13,13
1203,19,19
1204,7,7
1205,16,16
1206,22,22
1207,6,6
1208,4,4
1209,12,12
1210,14,14
1211,1,1
1212,13,12
1213,3,3
1214,12,12
1215,18,12
1216,3,3
1217,24,24
1218,7,7
1219,16,16
1220,19,19
1221,19,23
1222,3,3
1223,14,14
1224,21,21
1225,24,24
1226,3,23
1227,8,0
1228,24,24
1229,21,21
1230,4,4
1231,19,19
1232,21,21
1233,4,4
1234,4,4
1235,19,19
1236,0,0
1237,0,0
1238,6,16
1239,23,22
1240,0,0
1241,1,1
1242,18,18
1243,8,24
1244,15,15
1245,15,15
1246,7,7
1247,11,11
1248,8,8
1249,20,20
1250,7,7
1251,14,14
1252,2,2
1253,1,1
1254,4,4
1255,24,24
1256,5,5
1257,14,14
1258,24,24
1259,21,5
1260,1,1
1261,24,24
1262,3,3
1263,19,19
1264,2,2
1265,21,21
1266,8,8
1267,20,20
1268,2,2
1269,3,3
1270,2,2
1271,8,8
1272,10,15
1273,1,1
1274,24,24
1275,20,10
1276,19,19
1277,24,24
1278,15,15
1279,6,6
1280,11,11
1281,19,23
1282,14,14
1283,10,10
1284,10,15
1285,3,23
1286,20,20
1287,2,2
1288,19,19
1289,14,14
1290,7,7
1291,8,8
1292,3,3
1293,23,23
1294,24,22
1295,4,4
1296,24,24
1297,20,20
1298,7,7
1299,1,1
1300,15,15
1301,13,13
1302,23,23
1303,14,14
1304,7,7
1305,3,3
1306,2,2
1307,3,3
1308,0,0
1309,7,7
1310,21,22
1311,10,17
1312,7,7
1313,18,18
1314,18,18
1315,1,1
1316,5,5
1317,2,2
1318,8,24
1319,1,1
1320,11,11
1321,1,3
1322,13,13
1323,21,21
1324,7,7
1325,23,23
1326,5,5
1327,7,7
1328,8,8
1329,19,19
1330,1,1
1331,19,19
1332,0,0
1333,15,15
1334,15,15
1335,5,5
1336,4,4
1337,10,15
1338,6,6
1339,15,15
1340,6,6
1341,18,18
1342,4,4
1343,8,24
1344,6,6
1345,10,17
1346,15,15
1347,21,21
1348,23,23
1349,11,11
1350,4,4
1351,21,19
1352,14,14
1353,13,13
1354,21,19
1355,15,15
1356,23,23
1357,10,10
1358,6,7
1359,13,13
1360,6,6
1361,15,15
1362,5,5
1363,10,8
1364,16,16
1365,16,16
1366,6,6
1367,2,2
1368,17,20
1369,10,8
1370,13,0
1371,12,12
1372,1,1
1373,22,22
1374,20,20
1375,5,5
1376,19,19
1377,8,8
1378,5,5
1379,12,12
1380,4,4
1381,17,17
1382,7,7
1383,17,17
1384,4,4
1385,1,1
1386,1,1
1387,12,12
1388,21,21
1389,13,16
1390,13,0
1391,13,12
1392,4,4
1393,20,20
1394,11,11
1395,6,6
1396,23,23
1397,21,22
1398,13,13
1399,2,2
1400,22,20
1401,7,7
1402,21,21
1403,8,8
1404,18,12
1405,20,20
1406,0,0
1407,11,11
1408,11,2
1409,20,20
1410,14,14
1411,23,23
1412,15,15
1413,3,3
1414,11,11
1415,4,4
1416,24,24
1417,3,23
1418,15,15
1419,4,4
1420,18,18
1421,21,21
1422,3,3
1423,1,1
1424,2,2
1425,7,7
1426,1,1
1427,6,6
1428,1,1
1429,18,18
1430,10,10
1431,20,20
1432,1,1
1433,4,4
1434,10,10
1435,7,7
1436,14,2
1437,1,3
1438,20,20
1439,19,23
1440,2,2
1441,24,24
1442,8,24
1443,2,2
1444,13,0
1445,12,12
1446,4,4
1447,11,11
1448,6,6
1449,23,22
1450,0,0
1451,10,10
1452,20,20
1453,4,4
1454,2,2
1455,12,18
1456,15,15
1457,16,16
1458,19,19
1459,7,7
1460,21,21
1461,3,3
1462,13,13
1463,24,24
1464,4,4
1465,15,15
1466,14,14
1467,0,0
1468,0,0
1469,15,15
1470,16,16
1471,11,11
1472,12,12
1473,1,1
1474,0,0
1475,0,0
1476,10,10
1477,15,15
1478,16,16
1479,0,0
1480,2,2
1481,4,4
1482,21,21
1483,8,8
1484,14,14
1485,6,16
1486,24,24
1487,0,0
1488,1,1
1489,12,12
1490,20,20
1491,10,17
1492,18,4
1493,4,4
1494,6,7
1495,0,0
1496,23,23
1497,7,7
1498,22,22
1499,19,19
1500,12,18
1501,6,6
1502,6,6
1503,22,22
1504,23,23
1505,24,17
1506,3,3
1507,17,20
1508,0,0
1509,21,21
1510,18,18
1511,17,17
1512,24,24
1513,24,24
1514,0,0
1515,19,23
1516,0,0
1517,0,0
1518,10,10
1519,22,22
1520,10,8
1521,1,1
1522,13,13
1523,15,15
1524,12,12
1525,22,22
1526,7,7
1527,1,1
1528,7,7
1529,17,17
1530,1,1
1531,21,5
1532,7,7
1533,22,20
1534,21,21
1535,16,16
1536,24,8
1537,3,3
1538,13,12
1539,22,22
1540,4,4
1541,11,11
1542,4,4
1543,4,4
1544,16,16
1545,21,5
1546,15,15
1547,20,20
1548,19,19
1549,24,11
1550,11,11
1551,16,16
1552,1,3
1553,21,21
1554,6,6
1555,6,6
1556,18,18
1557,5,5
1558,5,5
1559,8,8
1560,22,22
1561,21,22
1562,14,14
1563,8,23
1564,10,10
1565,5,5
1566,2,2
1567,4,4
1568,7,7
1569,4,4
1570,15,15
1571,8,24
1572,7,7
1573,20,24
1574,3,3
1575,24,24
1576,5,5
1577,24,24
1578,22,20
1579,7,7
1580,23,23
1581,1,3
1582,8,0
1583,8,8
1584,6,16
1585,5,5
1586,15,15
1587,2,5
1588,1,1
1589,19,19
1590,12,12
1591,7,7
1592,21,21
1593,3,3
1594,1,1
1595,11,11
1596,21,21
1597,21,19
1598,7,7
1599,13,13
1600,20,24
1601,15,15
1602,24,24
1603,21,21
1604,4,4
1605,10,20
1606,14,14
1607,15,15
1608,10,23
1609,3,3
1610,14,14
1611,23,23
1612,2,2
1613,18,18
1614,12,12
1615,18,4
1616,7,7
1617,7,7
1618,13,0
1619,19,19
1620,13,13
1621,6,6
1622,23,22
1623,19,23
1624,6,6
1625,18,18
1626,23,23
1627,14,14
1628,19,19
1629,4,4
1630,4,4
1631,13,13
1632,12,18
1633,21,21
1634,19,19
1635,1,1
1636,19,19
1637,14,16
1638,12,12
1639,22,20
1640,22,20
1641,10,10
1642,7,7
1643,3,3
1644,0,0
1645,1,1
1646,24,8
1647,19,19
1648,20,20
1649,21,21
1650,0,0
1651,12,12
1652,19,11
1653,13,13
1654,8,0
1655,1,3
1656,10,20
1657,0,0
1658,1,1
1659,7,7
1660,7,7
1661,11,11
1662,13,13
1663,18,18
1664,2,2
1665,11,11
1666,15,15
1667,20,20
1668,14,2
1669,11,11
1670,18,12
1671,20,20
1672,8,8
1673,7,7
1674,12,13
1675,22,22
1676,21,21
1677,15,15
1678,1,1
1679,10,10
1680,14,14
1681,0,0
1682,10,10
1683,7,7
1684,4,4
1685,24,24
1686,8,24
1687,22,22
1688,12,12
1689,10,17
1690,23,23
1691,3,23
1692,12,12
1693,7,7
1694,13,0
1695,15,15
1696,19,19
1697,18,18
1698,4,4
1699,1,1
1700,7,7
1701,0,0
1702,22,22
1703,7,7
1704,19,19
1705,22,22
1706,24,19
1707,10,10
1708,7,7
1709,13,0
1710,1,1
1711,7,7
1712,19,19
1713,15,15
1714,14,14
1715,11,11
1716,15,15
1717,21,21
1718,23,23
1719,7,7
1720,24,18
1721,23,22
1722,6,16
1723,15,15
1724,1,3
1725,16,16
1726,0,0
1727,7,7
1728,19,19
1729,15,15
1730,13,13
1731,2,2
1732,22,22
1733,12,12
1734,13,16
1735,7,7
1736,24,24
1737,11,11
1738,11,2
1739,1,1
1740,1,1
1741,1,1
1742,14,2
1743,14,14
1744,10,10
1745,13,13
1746,19,19
1747,20,20
1748,7,7
1749,0,0
1750,14,14
1751,15,15
1752,17,20
1753,5,5
1754,6,6
1755,7,7
1756,2,2
1757,7,7
1758,22,22
1759,17,17
1760,0,0
1761,12,12
1762,21,21
1763,19,19
1764,0,0
1765,4,4
1766,21,21
1767,6,6
1768,2,2
1769,24,24
1770,22,22
1771,10,23
1772,12,12
1773,13,13
1774,21,21
1775,23,22
1776,15,15
1777,5,5
1778,23,23
1779,2,2
1780,24,24
1781,7,7
1782,22,22
1783,8,8
1784,22,22
1785,5,5
1786,10,15
1787,10,20
1788,5,5
1789,7,7
1790,0,0
1791,1,1
1792,1,1
1793,22,22
1794,12,13
1795,8,8
1796,22,22
1797,13,13
1798,6,16
1799,5,5
1800,21,22
1801,7,7
1802,2,2
1803,23,23
1804,21,21
1805,7,7
1806,14,14
1807,23,23
1808,7,7
1809,15,15
1810,7,7
1811,13,13
1812,1,3
1813,4,4
1814,11,11
1815,3,3
1816,12,12
1817,18,18
1818,8,8
1819,1,1
1820,12,12
1821,4,4
1822,18,18
1823,18,4
1824,2,2
1825,10,23
1826,18,18
1827,5,5
1828,21,19
1829,23,23
1830,17,17
1831,23,23
1832,15,15
1833,7,7
1834,21,23
1835,8,8
1836,12,12
1837,20,24
1838,1,1
1839,24,24
1840,15,15
1841,4,4
1842,13,0
1843,17,17
1844,16,16
1845,20,20
1846,1,1
1847,24,22
1848,14,14
1849,4,18
1850,11,11
1851,3,3
1852,24,24
1853,19,19
1854,12,4
1855,4,4
1856,6,6
1857,16,16
1858,18,18
1859,12,12
1860,20,20
1861,4,4
1862,1,1
1863,3,3
1864,3,3
1865,0,0
1866,24,24
1867,14,14
1868,2,2
1869,21,5
1870,21,22
1871,6,6
1872,14,14
1873,12,12
1874,21,22
1875,16,16
1876,1,1
1877,6,6
1878,4,4
1879,20,20
1880,4,4
1881,3,3
1882,21,19
1883,1,1
1884,10,8
1885,17,17
1886,0,0
1887,0,0
1888,4,4
1889,19,19
1890,13,13
1891,14,14
1892,23,23
1893,13,13
1894,24,24
1895,7,7
1896,23,23
1897,10,17
1898,4,4
1899,2,2
1900,22,20
1901,10,10
1902,15,15
1903,17,17
1904,14,14
1905,1,1
1906,13,0
1907,4,4
1908,1,1
1909,18,12
1910,6,6
1911,1,1
1912,2,2
1913,13,13
1914,24,18
1915,13,16
1916,22,22
1917,16,16
1918,2,2
1919,22,22
1920,13,6
1921,15,15
1922,23,22
1923,12,12
1924,5,5
1925,14,14
1926,16,16
1927,7,7
1928,4,4
1929,2,2
1930,1,1
1931,21,22
1932,14,14
1933,4,4
1934,1,1
1935,4,4
1936,5,5
1937,11,11
1938,24,22
1939,1,1
1940,7,7
1941,8,8
1942,2,2
1943,3,23
1944,24,24
1945,0,0
1946,11,11
1947,12,13
1948,4,4
1949,15,15
1950,16,16
1951,11,2
1952,2,2
1953,4,4
1954,23,23
1955,0,0
1956,21,22
1957,17,17
1958,2,2
1959,7,7
1960,17,17
1961,12,12
1962,2,2
1963,19,19
1964,19,19
1965,12,18
1966,21,21
1967,6,6
1968,18,18
1969,12,12
1970,13,13
1971,20,20
1972,4,4
1973,5,5
1974,23,23
1975,24,24
1976,18,18
1977,24,24
1978,8,8
1979,6,6
1980,7,7
1981,22,22
1982,17,21
1983,2,2
1984,0,0
1985,2,2
1986,22,22
1987,8,8
1988,4,4
1989,23,23
1990,4,4
1991,8,8
1992,18,12
1993,24,18
1994,14,14
1995,8,23
1996,4,4
1997,4,4
1998,24,18
1999,14,14
2000,2,2
2001,2,2
2002,8,8
2003,6,6
2004,24,24
2005,4,4
2006,18,12
2007,16,16
2008,23,23
2009,23,23
2010,2,2
2011,1,1
2012,15,15
2013,20,24
2014,13,16
2015,20,10
2016,19,19
2017,12,18
2018,11,11
2019,20,24
2020,4,4
2021,16,16
2022,15,15
2023,18,12
2024,18,18
2025,0,0
2026,4,4
2027,11,11
2028,12,4
2029,2,2
2030,7,7
2031,6,6
2032,23,22
2033,5,5
2034,22,22
2035,3,3
2036,23,23
2037,13,19
2038,22,22
2039,21,22
2040,15,15
2041,6,19
2042,13,13
2043,6,6
2044,21,21
2045,1,1
2046,22,22
2047,14,14
2048,6,6
2049,7,7
2050,19,19
2051,12,12
2052,24,8
2053,8,8
2054,0,0
2055,3,3
2056,14,14
2057,18,18
2058,24,24
2059,1,1
2060,1,1
2061,1,1
2062,22,22
2063,23,23
2064,20,20
2065,13,13
2066,18,18
2067,7,7
2068,2,2
2069,12,4
2070,0,0
2071,0,0
2072,7,7
2073,11,11
2074,6,6
2075,24,24
2076,17,17
2077,13,0
2078,19,19
2079,15,15
2080,3,3
2081,21,22
2082,4,4
2083,23,23
2084,19,19
2085,11,11
2086,3,3
2087,6,6
2088,18,18
2089,4,4
2090,22,22
2091,15,15
2092,1,1
2093,16,16
2094,7,7
2095,19,19
2096,6,6
2097,5,5
2098,2,2
2099,12,12
2100,12,12
2101,23,23
2102,5,5
2103,18,18
2104,12,13
2105,2,2
2106,6,6
2107,1,1
2108,8,8
2109,0,0
2110,10,10
2111,4,4
2112,17,20
2113,6,6
2114,8,8
2115,7,7
2116,21,19
2117,22,22
2118,12,12
2119,2,2
2120,24,24
2121,16,16
2122,22,22
2123,7,7
2124,5,5
2125,24,24
2126,4,4
2127,11,11
2128,3,3
2129,2,2
2130,16,16
2131,11,11
2132,16,16
2133,21,5
2134,24,24
2135,14,14
2136,24,24
2137,17,17
2138,1,1
2139,13,13
2140,19,19
2141,21,21
2142,16,16
2143,4,4
2144,16,16
2145,13,13
2146,20,20
2147,21,22
2148,4,4
2149,12,12
2150,23,23
2151,12,12
2152,12,12
2153,23,23
2154,11,11
2155,2,2
2156,15,15
2157,6,6
2158,15,15
2159,19,19
2160,16,16
2161,7,7
2162,13,0
2163,23,23
2164,17,17
2165,5,5
2166,2,2
2167,21,21
2168,19,23
2169,17,20
2170,22,22
2171,20,17
2172,1,1
2173,20,20
2174,5,5
2175,4,4
2176,7,7
2177,10,10
2178,2,2
2179,3,3
2180,6,6
2181,21,21
2182,15,15
2183,4,4
2184,6,6
2185,0,0
2186,14,14
2187,21,21
2188,12,12
2189,14,14
2190,21,17
2191,21,21
2192,11,11
2193,7,7
2194,22,22
2195,10,8
2196,11,11
2197,4,4
2198,3,3
2199,14,14
2200,1,1
2201,10,10
2202,8,24
2203,22,20
2204,24,24
2205,4,4
2206,5,5
2207,21,5
2208,23,23
2209,21,21
2210,16,16
2211,14,14
2212,16,16
2213,6,6
2214,23,23
2215,7,7
2216,7,7
2217,2,2
2218,4,4
2219,23,23
2220,15,15
2221,7,7
2222,16,16
2223,24,24
2224,0,0
2225,22,22
2226,11,11
2227,12,18
2228,24,24
2229,6,6
2230,5,5
2231,11,11
2232,12,12
2233,4,4
2234,12,12
2235,3,3
2236,6,6
2237,0,0
2238,23,23
2239,24,18
2240,6,6
2241,1,1
2242,7,7
2243,7,7
2244,0,0
2245,6,6
2246,4,4
2247,6,6
2248,5,5
2249,23,23
2250,1,1
2251,21,22
2252,8,8
2253,10,10
2254,20,20
2255,2,2
2256,0,0
2257,4,4
2258,10,15
2259,24,8
2260,7,7
2261,19,19
2262,24,19
2263,18,18
2264,4,4
2265,7,7
2266,5,5
2267,18,18
2268,17,17
2269,21,19
2270,11,11
2271,5,5
2272,2,2
2273,19,19
2274,20,20
2275,3,3
2276,24,8
2277,19,23
2278,7,7
2279,1,3
2280,1,3
2281,14,14
2282,10,10
2283,19,19
2284,2,2
2285,2,2
2286,3,23
2287,12,12
2288,23,23
2289,14,14
2290,7,7
2291,6,6
2292,18,18
2293,6,6
2294,22,22
2295,2,2
2296,19,19
2297,11,11
2298,23,22
2299,14,14
2300,0,0
2301,2,2
2302,5,5
2303,12,12
2304,6,6
2305,10,10
2306,12,12
2307,6,6
2308,17,17
2309,21,21
2310,3,3
2311,20,20
2312,10,10
2313,11,11
2314,13,13
2315,15,15
2316,10,10
2317,4,4
2318,16,16
2319,5,5
2320,2,2
2321,22,22
2322,21,22
2323,0,0
2324,1,1
2325,19,23
2326,23,23
2327,23,23
2328,21,21
2329,8,8
2330,7,7
2331,22,20
2332,13,13
2333,24,24
2334,21,22
2335,3,3
2336,17,17
2337,22,10
2338,12,12
2339,18,12
2340,20,20
2341,12,18
2342,5,5
2343,1,1
2344,13,13
2345,4,4
2346,19,19
2347,3,3
2348,11,11
2349,4,4
2350,0,0
2351,12,4
2352,4,4
2353,10,10
2354,16,16
2355,2,2
2356,13,13
2357,12,12
2358,10,10
2359,4,4
2360,18,18
2361,16,16
2362,7,7
2363,7,7
2364,20,20
2365,20,20
2366,14,14
2367,1,1
2368,3,3
2369,7,7
2370,2,2
2371,1,1
2372,20,20
2373,15,15
2374,15,15
2375,24,24
2376,7,7
2377,1,1
2378,12,12
2379,13,13
2380,4,4
2381,20,20
2382,6,6
2383,6,6
2384,15,15
2385,15,15
2386,15,15
2387,22,17
2388,13,13
2389,4,4
2390,8,24
2391,1,1
2392,10,10
2393,20,20
2394,8,24
2395,8,8
2396,15,15
2397,8,8
2398,6,6
2399,10,10
2400,10,10
2401,10,10
2402,19,19
2403,6,7
2404,11,11
2405,21,23
2406,7,7
2407,24,24
2408,14,14
2409,7,7
2410,11,2
2411,5,5
2412,2,2
2413,10,10
2414,4,4
2415,22,22
2416,16,16
2417,23,22
2418,21,22
2419,19,19
2420,2,2
2421,10,10
2422,15,15
2423,2,2
2424,4,4
2425,10,10
2426,19,19
2427,5,5
2428,21,21
2429,10,10
2430,14,14
2431,13,12
2432,6,7
2433,12,12
2434,21,17
2435,15,15
2436,2,2
2437,20,20
2438,4,4
2439,7,7
2440,12,13
2441,1,1
2442,15,15
2443,0,0
2444,14,2
2445,13,6
2446,10,10
2447,4,4
2448,7,7
2449,4,18
2450,3,3
2451,21,21
2452,1,3
2453,21,21
2454,21,21
2455,5,11
2456,4,4
2457,11,11
2458,4,4
2459,20,24
2460,1,1
2461,15,15
2462,19,19
2463,8,0
2464,20,20
2465,4,4
2466,5,5
2467,23,23
2468,23,22
2469,2,2
2470,4,4
2471,15,15
2472,5,5
2473,8,24
2474,12,12
2475,24,24
2476,4,4
2477,14,14
2478,15,15
2479,15,15
2480,19,19
2481,23,23
2482,13,13
2483,5,5
2484,4,4
2485,2,2
2486,0,0
2487,12,12
2488,23,23
2489,6,6
2490,10,15
2491,11,11
2492,21,21
2493,19,19
2494,7,7
2495,16,16
2496,10,10
2497,15,15
2498,22,22
2499,0,0
2500,16,16
2501,3,3
2502,19,19
2503,14,2
2504,8,8
2505,21,21
2506,4,4
2507,11,11
2508,5,5
2509,4,4
2510,20,20
2511,23,22
2512,20,20
2513,14,14
2514,15,15
2515,1,1
2516,11,11
2517,7,7
2518,24,22
2519,4,4
2520,11,11
2521,4,4
2522,11,11
2523,1,3
2524,1,1
2525,2,2
2526,8,8
2527,4,4
2528,10,23
2529,23,23
2530,13,13
2531,1,1
2532,10,20
2533,23,23
2534,12,12
2535,20,20
2536,12,4
2537,12,13
2538,4,4
2539,12,4
2540,10,10
2541,20,20
2542,1,1
2543,22,22
2544,5,2
2545,14,14
2546,22,20
2547,23,23
2548,8,23
2549,18,18
2550,16,16
2551,24,24
2552,12,12
2553,12,18
2554,24,24
2555,6,6
2556,3,3
2557,21,21
2558,8,0
2559,1,1
2560,24,24
2561,15,15
2562,24,18
2563,24,24
2564,24,8
2565,0,0
2566,19,19
2567,0,0
2568,22,20
2569,17,21
2570,8,8
2571,23,23
2572,6,6
2573,7,7
2574,0,0
2575,12,12
2576,24,24
2577,14,14
2578,14,14
2579,13,13
2580,18,18
2581,17,21
2582,12,18
2583,0,0
2584,13,13
2585,20,10
2586,7,7
2587,8,8
2588,16,16
2589,13,16
2590,21,23
2591,22,22
2592,23,23
2593,3,3
2594,21,5
2595,8,0
2596,15,15
2597,12,18
2598,0,0
2599,4,4
2600,14,14
2601,8,8
2602,6,6
2603,4,4
2604,7,6
2605,3,3
2606,11,11
2607,13,13
2608,19,19
2609,2,2
2610,6,6
2611,4,4
2612,23,23
2613,12,12
2614,15,15
2615,20,20
2616,7,7
2617,24,24
2618,13,13
2619,4,4
2620,20,20
2621,0,0
2622,0,0
2623,5,5
2624,5,5
2625,11,11
2626,24,24
2627,23,22
2628,10,15
2629,0,0
2630,7,6
2631,6,6
2632,7,7
2633,6,6
2634,15,15
2635,11,11
2636,13,19
2637,15,15
2638,7,7
2639,6,6
2640,7,7
2641,24,24
2642,18,4
2643,1,1
2644,14,2
2645,0,0
2646,15,15
2647,21,21
2648,2,2
2649,6,6
2650,11,11
2651,22,22
2652,18,18
2653,1,1
2654,14,14
2655,19,19
2656,20,20
2657,12,12
2658,7,7
2659,4,4
2660,10,10
2661,11,11
2662,12,12
2663,1,1
2664,10,17
2665,10,10
2666,8,24
2667,14,14
2668,6,6
2669,24,22
2670,6,6
2671,13,0
2672,6,6
2673,7,7
2674,18,18
2675,14,14
2676,6,6
2677,4,4
2678,23,23
2679,17,17
2680,13,13
2681,19,19
2682,5,5
2683,0,0
2684,17,17
2685,7,7
2686,23,23
2687,4,4
2688,6,6
2689,17,17
2690,4,4
2691,1,1
2692,4,4
2693,14,14
2694,24,24
2695,20,20
2696,14,14
2697,0,0
2698,0,0
2699,3,3
2700,13,13
2701,16,16
2702,8,8
2703,2,2
2704,19,19
2705,5,5
2706,4,4
2707,11,11
2708,7,7
2709,13,0
2710,14,14
2711,3,3
2712,10,10
2713,2,2
2714,4,4
2715,20,24
2716,20,20
2717,19,19
2718,2,2
2719,15,15
2720,10,17
2721,10,10
2722,3,3
2723,0,0
2724,12,4
2725,18,18
2726,4,4
2727,22,22
2728,21,21
2729,16,16
2730,2,2
2731,4,4
2732,4,4
2733,4,4
2734,13,16
2735,14,14
2736,12,12
2737,0,0
2738,12,18
2739,12,12
2740,4,4
2741,4,4
2742,13,13
2743,12,12
2744,5,5
2745,10,17
2746,17,17
2747,15,15
2748,7,7
2749,16,16
2750,20,20
2751,24,24
2752,20,20
2753,13,13
2754,14,14
2755,4,4
2756,6,6
2757,0,0
2758,16,12
2759,3,3
2760,2,2
2761,4,4
2762,24,24
2763,18,12
2764,23,23
2765,13,13
2766,23,23
2767,12,12
2768,4,4
2769,7,7
2770,12,12
2771,0,0
2772,15,15
2773,22,22
2774,4,4
2775,5,5
2776,3,3
2777,21,21
2778,12,12
2779,10,10
2780,6,6
2781,0,0
2782,15,15
2783,4,4
2784,2,2
2785,7,7
2786,23,23
2787,4,4
2788,8,8
2789,3,3
2790,22,22
2791,19,23
2792,24,24
2793,8,0
2794,17,21
2795,8,8
2796,13,16
2797,7,7
2798,3,3
2799,4,4
2800,7,7
2801,24,24
2802,11,11
2803,23,23
2804,14,16
2805,0,0
2806,13,13
2807,15,15
2808,24,24
2809,2,2
2810,12,12
2811,8,8
2812,20,20
2813,7,7
2814,18,18
2815,7,7
2816,23,23
2817,2,2
2818,4,4
2819,18,18
2820,20,20
2821,1,1
2822,12,12
2823,11,11
2824,4,4
2825,3,3
2826,6,6
2827,7,7
2828,18,18
2829,2,2
2830,13,0
2831,13,13
2832,17,20
2833,19,19
2834,10,10
2835,20,20
2836,2,2
2837,15,15
2838,4,4
2839,24,24
2840,3,3
2841,12,12
2842,15,15
2843,20,20
2844,0,0
2845,4,4
2846,13,13
2847,17,17
2848,15,15
2849,15,15
2850,1,1
2851,1,1
2852,21,23
2853,21,21
2854,8,8
2855,2,2
2856,20,20
2857,13,13
2858,7,7
2859,3,3
2860,21,19
2861,15,15
2862,16,16
2863,4,4
2864,13,13
2865,4,4
2866,24,19
2867,4,4
2868,12,12
2869,10,10
2870,12,12
2871,0,0
2872,2,2
2873,1,1
2874,6,7
2875,24,19
2876,12,4
2877,20,10
2878,23,23
2879,22,22
2880,6,6
2881,1,1
2882,19,19
2883,6,6
2884,7,7
2885,2,2
2886,15,15
2887,2,2
2888,10,10
2889,1,1
2890,12,12
2891,14,16
2892,20,20
2893,0,0
2894,1,1
2895,23,23
2896,16,16
2897,4,4
2898,10,10
2899,0,0
2900,1,1
2901,0,0
2902,4,4
2903,8,8
2904,6,6
2905,13,13
2906,1,3
2907,20,20
2908,4,4
2909,2,2
2910,7,7
2911,1,1
2912,7,7
2913,20,20
2914,17,17
2915,15,15
2916,20,20
2917,21,19
2918,11,11
2919,0,0
2920,2,2
2921,21,21
2922,21,22
2923,11,11
2924,10,15
2925,13,13
2926,10,10
2927,0,0
2928,20,20
2929,4,4
2930,20,20
2931,20,20
2932,22,22
2933,21,21
2934,10,20
2935,10,10
2936,22,10
2937,12,12
2938,21,21
2939,1,1
2940,1,1
2941,17,17
2942,14,14
2943,4,4
2944,4,4
2945,0,0
2946,17,20
2947,8,8
2948,0,0
2949,13,0
2950,21,19
2951,4,4
2952,10,10
2953,14,14
2954,15,15
2955,20,10
2956,6,6
2957,1,3
2958,24,24
2959,19,19
2960,6,6
2961,7,7
2962,2,2
2963,11,11
2964,0,0
2965,1,1
2966,14,2
2967,13,0
2968,22,22
2969,12,12
2970,13,0
2971,10,10
2972,7,7
2973,21,22
2974,12,12
2975,20,20
2976,2,2
2977,16,16
2978,21,22
2979,21,19
2980,13,13
2981,12,12
2982,8,8
2983,2,2
2984,7,7
2985,5,5
2986,21,21
2987,8,0
2988,6,6
2989,21,19
2990,12,12
2991,2,2
2992,20,10
2993,21,22
2994,24,24
2995,2,2
2996,16,16
2997,0,0
2998,12,18
2999,10,10
3000,8,24
3001,1,1
3002,15,15
3003,19,11
3004,17,17
3005,17,17
3006,17,21
3007,1,1
3008,10,10
3009,11,11
3010,0,0
3011,10,17
3012,0,0
3013,13,13
3014,14,14
3015,8,8
3016,11,11
3017,13,13
3018,5,5
3019,20,20
3020,3,3
3021,7,7
3022,0,0
3023,23,23
3024,10,10
3025,15,15
3026,10,10
3027,3,3
3028,3,3
3029,24,22
3030,16,16
3031,10,17
3032,24,19
3033,20,20
3034,19,19
3035,4,4
3036,21,21
3037,3,3
3038,18,18
3039,18,18
3040,22,22
3041,5,5
3042,10,17
3043,2,2
3044,12,13
3045,21,23
3046,1,1
3047,4,4
3048,11,11
3049,11,11
3050,0,0
3051,3,3
3052,20,10
3053,20,20
3054,10,10
3055,23,23
3056,10,23
3057,24,19
3058,5,5
3059,22,22
3060,21,21
3061,6,6
3062,7,7
3063,15,15
3064,2,2
3065,21,5
3066,12,12
3067,12,13
3068,1,3
3069,10,17
3070,1,1
3071,2,2
3072,24,24
3073,24,24
3074,15,15
3075,21,21
3076,18,18
3077,16,16
3078,11,11
3079,18,18
3080,23,23
3081,22,22
3082,13,12
3083,14,14
3084,7,7
3085,10,17
3086,19,23
3087,24,24
3088,12,12
3089,1,1
3090,5,5
3091,5,5
3092,22,10
3093,19,23
3094,10,17
3095,4,4
3096,21,21
3097,5,5
3098,5,5
3099,23,23
3100,1,1
3101,3,3
3102,7,7
3103,13,13
3104,15,15
3105,7,7
3106,4,4
3107,4,4
3108,6,16
3109,5,5
3110,4,4
3111,21,21
3112,8,8
3113,18,18
3114,0,0
3115,14,14
3116,18,4
3117,0,0
3118,18,12
3119,17,20
3120,12,12
3121,18,4
3122,3,3
3123,12,12
3124,15,15
3125,18,12
3126,2,2
3127,8,8
3128,22,22
3129,12,12
3130,23,23
3131,7,7
3132,20,24
3133,22,22
3134,7,7
3135,13,13
3136,12,12
3137,6,6
3138,22,17
3139,22,22
3140,24,24
3141,11,11
3142,1,1
3143,12,12
3144,15,15
3145,15,15
3146,16,16
3147,1,1
3148,6,6
3149,21,19
3150,8,8
3151,19,19
3152,13,13
3153,15,15
3154,23,23
3155,3,3
3156,1,1
3157,7,7
3158,13,13
3159,7,7
3160,22,22
3161,10,10
3162,5,5
3163,12,18
3164,16,16
3165,13,13
3166,13,16
3167,19,23
3168,24,24
3169,7,7
3170,1,1
3171,5,5
3172,6,16
3173,16,16
3174,18,18
3175,5,5
3176,17,17
3177,23,23
3178,8,8
3179,22,22
3180,23,23
3181,8,24
3182,8,8
3183,20,20
3184,0,0
3185,23,23
3186,5,5
3187,4,4
3188,23,23
3189,7,7
3190,4,4
3191,15,15
3192,19,23
3193,12,12
3194,21,22
3195,10,15
3196,4,4
3197,3,3
3198,20,20
3199,3,3
3200,11,11
3201,13,13
3202,10,10
3203,19,19
3204,0,0
3205,17,17
3206,7,7
3207,24,24
3208,21,21
3209,11,11
3210,3,3
3211,18,18
3212,3,23
3213,1,1
3214,7,7
3215,22,22
3216,19,19
3217,13,6
3218,24,24
3219,4,4
3220,2,2
3221,7,7
3222,4,4
3223,6,6
3224,1,1
3225,15,15
3226,8,8
3227,19,19
3228,8,8
3229,12,12
3230,1,1
3231,0,0
3232,20,10
3233,8,8
3234,0,0
3235,16,16
3236,21,21
3237,6,6
3238,4,4
3239,3,3
3240,7,7
3241,16,16
3242,12,4
3243,22,22
3244,10,10
3245,20,10
3246,23,23
3247,18,18
3248,21,21
3249,19,19
3250,24,24
3251,18,18
3252,10,10
3253,13,13
3254,4,4
3255,16,16
3256,7,7
3257,12,18
3258,1,1
3259,11,2
3260,17,17
3261,0,0
3262,8,23
3263,2,2
3264,6,6
3265,12,12
3266,2,2
3267,10,10
3268,0,0
3269,16,16
3270,17,20
3271,24,24
3272,7,7
3273,2,2
3274,1,3
3275,2,2
3276,4,4
3277,14,2
3278,21,21
3279,4,4
3280,7,7
3281,4,4
3282,1,1
3283,3,3
3284,18,18
3285,23,23
3286,7,7
3287,10,10
3288,1,1
3289,2,2
3290,5,5
3291,12,12
3292,24,24
3293,6,6
3294,22,20
3295,20,20
3296,8,8
3297,17,21
3298,4,4
3299,23,23
3300,10,17
3301,1,1
3302,2,2
3303,13,16
3304,4,4
3305,7,7
3306,5,5
3307,0,0
3308,15,15
3309,11,11
3310,1,1
3311,15,15
3312,0,0
3313,1,1
3314,21,21
3315,14,14
3316,18,18
3317,14,14
3318,5,2
3319,15,15
3320,10,10
3321,2,2
3322,1,1
3323,5,2
3324,1,3
3325,0,0
3326,21,22
3327,17,17
3328,7,7
3329,2,2
3330,18,18
3331,19,19
3332,21,21
3333,19,19
3334,1,1
3335,13,0
3336,13,6
3337,1,1
3338,4,4
3339,20,10
3340,19,23
3341,17,20
3342,19,19
3343,12,12
3344,1,1
3345,20,20
3346,4,4
3347,14,14
3348,14,14
3349,13,13
3350,19,19
3351,7,7
3352,2,2
3353,17,20
3354,18,12
3355,14,14
3356,15,15
3357,12,12
3358,3,3
3359,1,1
3360,10,10
3361,5,5
3362,1,1
3363,1,1
3364,21,21
3365,19,19
3366,1,1
3367,4,4
3368,22,22
3369,7,7
3370,21,21
3371,19,19
3372,22,22
3373,11,11
3374,24,24
3375,23,22
3376,21,21
3377,19,19
3378,23,23
3379,5,5
3380,0,0
3381,1,1
3382,7,7
3383,12,12
3384,24,24
3385,13,13
3386,23,23
3387,18,18
3388,8,8
3389,5,5
3390,4,18
3391,23,23
3392,4,4
3393,1,1
3394,21,22
3395,8,24
3396,17,17
3397,13,13
3398,10,10
3399,21,21
3400,7,6
3401,21,21
3402,24,24
3403,24,24
3404,5,5
3405,12,12
3406,11,2
3407,22,20
3408,14,14
3409,2,2
3410,2,2
3411,23,23
3412,17,17
3413,23,23
3414,24,18
3415,18,18
3416,2,2
3417,21,21
3418,23,23
3419,2,2
3420,3,3
3421,11,11
3422,7,7
3423,4,4
3424,10,20
3425,23,23
3426,22,20
3427,15,15
3428,8,8
3429,21,21
3430,0,0
3431,4,18
3432,20,20
3433,11,11
3434,6,19
3435,2,2
3436,23,23
3437,11,11
3438,7,7
3439,2,2
3440,8,13
3441,1,1
3442,7,7
3443,17,17
3444,24,24
3445,21,21
3446,4,4
3447,1,1
3448,15,15
3449,8,8
3450,21,19
3451,17,17
3452,16,16
3453,5,5
3454,4,4
3455,22,22
3456,4,4
3457,13,13
3458,12,12
3459,18,18
3460,0,0
3461,19,23
3462,6,6
3463,10,10
3464,15,15
3465,5,5
3466,11,11
3467,10,17
3468,3,3
3469,7,7
3470,6,6
3471,22,22
3472,1,1
3473,22,17
3474,1,1
3475,3,3
3476,21,22
3477,4,4
3478,8,23
3479,1,1
3480,12,12
3481,12,12
3482,22,22
3483,20,20
3484,23,23
3485,18,18
3486,20,20
3487,8,24
3488,1,1
3489,3,3
3490,8,23
3491,12,12
3492,21,19
3493,17,17
3494,1,1
3495,7,7
3496,24,18
3497,6,6
3498,10,10
3499,14,14
3500,3,3
3501,16,16
3502,10,10
3503,7,7
3504,11,11
3505,6,6
3506,24,24
3507,14,14
3508,21,22
3509,1,1
3510,20,10
3511,1,1
3512,21,23
3513,8,23
3514,15,15
3515,5,5
3516,15,15
3517,3,3
3518,12,12
3519,16,16
3520,10,10
3521,10,10
3522,5,5
3523,24,24
3524,20,17
3525,5,5
3526,14,14
3527,12,18
3528,10,17
3529,8,8
3530,6,6
3531,4,4
3532,15,15
3533,4,4
3534,12,12
3535,17,17
3536,13,13
3537,10,10
3538,18,18
3539,4,4
3540,24,24
3541,24,24
3542,21,21
3543,15,15
3544,1,1
3545,3,3
3546,19,19
3547,11,11
3548,14,14
3549,4,4
3550,18,18
3551,12,12
3552,10,23
3553,8,8
3554,14,14
3555,10,10
3556,11,11
3557,10,10
3558,1,1
3559,2,2
3560,11,11
3561,17,17
3562,21,21
3563,7,7
3564,1,1
3565,4,4
3566,5,5
3567,5,5
3568,6,6
3569,18,18
3570,14,14
3571,17,17
3572,12,12
3573,7,7
3574,4,4
3575,6,6
3576,10,10
3577,20,20
3578,12,12
3579,1,1
3580,7,7
3581,16,16
3582,15,15
3583,24,24
3584,7,7
3585,14,14
3586,15,15
3587,2,2
3588,19,19
3589,17,17
3590,8,8
3591,19,19
3592,24,24
3593,3,3
3594,14,14
3595,22,22
3596,16,16
3597,20,20
3598,10,10
3599,7,7
3600,11,11
3601,1,1
3602,15,15
3603,11,11
3604,15,15
3605,22,22
3606,18,18
3607,4,4
3608,8,8
3609,7,7
3610,1,1
3611,7,7
3612,18,4
3613,24,11
3614,17,17
3615,14,16
3616,24,24
3617,14,14
3618,15,15
3619,20,20
3620,13,0
3621,21,19
3622,21,21
3623,6,6
3624,24,24
3625,10,20
3626,4,4
3627,19,19
3628,6,6
3629,13,13
3630,12,12
3631,10,10
3632,3,3
3633,10,17
3634,20,10
3635,12,12
3636,17,17
3637,10,8
3638,1,1
3639,14,2
3640,14,14
3641,23,22
3642,21,22
3643,20,20
3644,8,8
3645,6,6
3646,7,6
3647,11,11
3648,12,18
3649,8,8
3650,21,21
3651,21,21
3652,1,1
3653,4,4
3654,2,2
3655,0,0
3656,22,22
3657,4,4
3658,13,13
3659,24,22
3660,18,18
3661,6,6
3662,15,15
3663,24,19
3664,7,7
3665,1,1
3666,18,18
3667,2,2
3668,8,8
3669,14,14
3670,7,7
3671,24,24
3672,12,12
3673,8,23
3674,17,17
3675,0,0
3676,15,15
3677,18,12
3678,0,0
3679,7,6
3680,6,6
3681,5,5
3682,7,7
3683,10,23
3684,8,8
3685,12,12
3686,24,24
3687,15,15
3688,12,12
3689,23,23
3690,6,6
3691,13,13
3692,5,5
3693,0,0
3694,18,18
3695,19,19
3696,2,2
3697,11,11
3698,4,4
3699,7,7
3700,15,15
3701,4,4
3702,0,0
3703,14,16
3704,3,3
3705,8,0
3706,15,15
3707,4,4
3708,2,2
3709,3,3
3710,21,22
3711,19,19
3712,20,20
3713,4,4
3714,2,2
3715,13,13
3716,15,15
3717,11,11
3718,19,19
3719,18,18
3720,6,6
3721,5,5
3722,23,22
3723,5,5
3724,4,4
3725,21,21
3726,20,20
3727,21,21
3728,23,23
3729,22,22
3730,18,18
3731,1,1
3732,7,7
3733,5,5
3734,2,2
3735,22,22
3736,20,20
3737,12,12
3738,1,1
3739,22,22
3740,24,24
3741,11,11
3742,4,4
3743,3,3
3744,17,17
3745,21,22
3746,14,14
3747,4,18
3748,12,12
3749,4,4
3750,8,8
3751,24,24
3752,7,7
3753,13,13
3754,4,18
3755,8,8
3756,16,16
3757,6,6
3758,13,13
3759,1,3
3760,0,0
3761,19,19
3762,8,8
3763,12,18
3764,4,4
3765,20,20
3766,0,0
3767,4,4
3768,0,0
3769,11,11
3770,18,3
3771,11,2
3772,0,0
3773,20,20
3774,20,20
3775,7,6
3776,6,6
3777,7,7
3778,7,7
3779,7,7
3780,13,0
3781,20,20
3782,10,10
3783,23,23
3784,12,4
3785,1,1
3786,16,16
3787,18,4
3788,21,21
3789,8,8
3790,24,24
3791,24,18
3792,10,10
3793,8,8
3794,15,15
3795,1,1
3796,5,5
3797,17,17
3798,13,13
3799,24,24
3800,8,8
3801,8,8
3802,5,5
3803,17,17
3804,23,23
3805,14,14
3806,3,3
3807,20,24
3808,20,20
3809,1,1
3810,7,7
3811,7,7
3812,6,6
3813,18,18
3814,10,10
3815,22,22
3816,0,0
3817,8,8
3818,24,8
3819,24,24
3820,5,5
3821,22,22
3822,13,13
3823,8,8
3824,8,8
3825,18,18
3826,4,4
3827,24,24
3828,24,24
3829,8,8
3830,6,6
3831,19,23
3832,4,4
3833,4,4
3834,1,1
3835,22,22
3836,8,8
3837,15,15
3838,12,12
3839,24,24
3840,24,24
3841,8,8
3842,20,10
3843,4,4
3844,16,16
3845,12,12
3846,7,7
3847,6,6
3848,1,1
3849,4,4
3850,18,12
3851,13,13
3852,0,0
3853,1,1
3854,12,12
3855,23,22
3856,4,4
3857,21,21
3858,0,0
3859,0,0
3860,13,13
3861,16,16
3862,16,16
3863,1,1
3864,12,4
3865,8,8
3866,4,4
3867,19,23
3868,12,12
3869,5,5
3870,6,7
3871,1,1
3872,15,15
3873,23,23
3874,18,18
3875,14,16
3876,10,10
3877,24,24
3878,3,3
3879,7,7
3880,4,4
3881,23,22
3882,24,24
3883,21,21
3884,15,15
3885,22,22
3886,4,4
3887,19,19
3888,1,1
3889,12,12
3890,24,24
3891,14,14
3892,19,19
3893,7,7
3894,13,13
3895,3,3
3896,1,1
3897,23,23
3898,12,12
3899,1,1
3900,24,8
3901,8,8
3902,6,16
3903,0,0
3904,8,0
3905,23,22
3906,4,4
3907,6,6
3908,13,13
3909,3,3
3910,0,0
3911,0,0
3912,4,4
3913,1,1
3914,0,0
3915,18,18
3916,1,1
3917,6,6
3918,15,15
3919,4,4
3920,2,2
3921,4,4
3922,21,21
3923,24,24
3924,24,24
3925,14,14
3926,12,12
3927,23,23
3928,6,6
3929,6,6
3930,0,0
3931,17,21
3932,5,5
3933,10,10
3934,8,8
3935,12,12
3936,6,7
3937,2,2
3938,1,1
3939,16,16
3940,4,4
3941,2,2
3942,0,0
3943,14,14
3944,15,15
3945,13,13
3946,6,6
3947,4,4
3948,10,10
3949,10,10
3950,21,21
3951,7,7
3952,1,1
3953,8,8
3954,2,2
3955,14,14
3956,0,0
3957,8,8
3958,23,23
3959,11,2
3960,24,24
3961,15,15
3962,4,4
3963,7,7
3964,2,2
3965,0,0
3966,10,10
3967,6,6
3968,10,10
3969,15,15
3970,23,23
3971,10,17
3972,18,18
3973,22,22
3974,12,12
3975,13,13
3976,23,23
3977,12,13
3978,21,5
3979,14,16
3980,20,20
3981,2,2
3982,17,17
3983,7,7
3984,19,19
3985,20,20
3986,15,15
3987,1,1
3988,8,8
3989,4,4
3990,6,6
3991,5,2
3992,7,7
3993,15,15
3994,10,10
3995,19,19
3996,4,4
3997,13,13
3998,22,22
3999,10,10
4000,22,22
4001,3,3
4002,6,16
4003,21,21
4004,0,0
4005,23,22
4006,24,24
4007,14,14
4008,6,16
4009,15,15
4010,15,15
4011,19,23
4012,18,4
4013,24,18
4014,10,10
4015,10,10
4016,5,5
4017,1,1
4018,1,1
4019,6,6
4020,20,20
4021,18,18
4022,21,21
4023,4,4
4024,1,1
4025,10,10
4026,3,23
4027,3,3
4028,6,6
4029,4,4
4030,10,10
4031,21,21
4032,5,5
4033,18,12
4034,7,7
4035,19,19
4036,5,5
4037,3,3
4038,21,21
4039,0,0
4040,6,6
4041,21,21
4042,13,13
4043,24,24
4044,1,1
4045,15,15
4046,6,6
4047,12,12
4048,20,24
4049,14,14
4050,24,24
4051,6,7
4052,2,2
4053,15,15
4054,8,8
4055,6,6
4056,11,11
4057,2,2
4058,15,15
4059,4,4
4060,0,0
4061,10,10
4062,2,2
4063,14,14
4064,7,7
4065,4,4
4066,1,1
4067,13,13
4068,8,8
4069,24,24
4070,0,0
4071,2,2
4072,7,7
4073,20,20
4074,12,12
4075,2,2
4076,1,1
4077,11,11
4078,6,6
4079,3,3
4080,4,4
4081,0,0
4082,1,1
4083,20,20
4084,13,13
4085,4,4
4086,7,7
4087,20,24
4088,12,12
4089,23,23
4090,12,12
4091,3,3
4092,3,3
4093,8,8
4094,23,23
4095,8,8
4096,13,13
4097,16,16
4098,20,20
4099,7,7
4100,21,23
4101,6,6
4102,19,23
4103,24,24
4104,13,0
4105,20,3
4106,15,15
4107,12,12
4108,12,18
4109,23,23
4110,1,1
4111,2,2
4112,19,23
4113,19,19
4114,13,13
4115,17,17
4116,8,8
4117,20,20
4118,3,23
4119,23,23
4120,6,6
4121,1,1
4122,10,17
4123,8,23
4124,14,14
4125,16,16
4126,0,0
4127,3,3
4128,7,7
4129,19,23
4130,22,22
4131,24,24
4132,2,2
4133,21,21
4134,4,4
4135,0,0
4136,18,18
4137,21,21
4138,1,1
4139,21,19
4140,0,0
4141,5,5
4142,2,2
4143,13,13
4144,23,23
4145,12,12
4146,10,10
4147,6,6
4148,8,8
4149,24,24
4150,21,22
4151,2,2
4152,22,22
4153,0,0
4154,17,17
4155,21,21
4156,4,4
4157,3,3
4158,10,20
4159,3,23
4160,19,19
4161,5,5
4162,6,6
4163,1,1
4164,8,8
4165,23,23
4166,21,22
4167,15,15
4168,1,1
4169,14,14
4170,8,8
4171,7,7
4172,8,23
4173,24,11
4174,17,17
4175,18,18
4176,1,1
4177,1,1
4178,3,3
4179,20,24
4180,8,8
4181,19,19
4182,4,4
4183,7,7
4184,17,17
4185,12,12
4186,7,6
4187,6,6
4188,5,5
4189,4,4
4190,7,7
4191,4,4
4192,18,18
4193,18,18
4194,15,15
4195,4,4
4196,7,7
4197,15,15
4198,2,2
4199,2,2
4200,13,13
4201,3,3
4202,5,2
4203,4,4
4204,14,14
4205,21,19
4206,0,0
4207,7,7
4208,23,23
4209,10,23
4210,1,1
4211,11,11
4212,11,11
4213,4,4
4214,13,13
4215,5,2
4216,4,4
4217,1,1
4218,4,4
4219,7,7
4220,7,7
4221,12,12
4222,21,22
4223,22,20
4224,24,24
4225,19,19
4226,13,0
4227,13,13
4228,14,4
4229,2,2
4230,3,3
4231,22,22
4232,13,13
4233,21,5
4234,20,20
4235,24,24
4236,8,23
4237,12,12
4238,12,12
4239,18,18
4240,21,21
4241,22,22
4242,1,1
4243,15,15
4244,15,15
4245,17,17
4246,8,8
4247,0,0
4248,4,18
4249,12,12
4250,0,0
4251,6,6
4252,4,4
4253,12,12
4254,1,1
4255,20,24
4256,22,22
4257,23,23
4258,17,17
4259,0,0
4260,7,6
4261,23,23
4262,8,0
4263,6,6
4264,10,10
4265,10,10
4266,0,0
4267,19,23
4268,2,2
4269,3,3
4270,6,6
4271,1,1
4272,3,3
4273,0,0
4274,8,8
4275,10,17
4276,0,0
4277,6,6
4278,12,12
4279,15,15
4280,2,2
4281,8,8
4282,3,3
4283,23,23
4284,12,4
4285,24,24
4286,17,17
4287,4,4
4288,4,4
4289,8,8
4290,19,19
4291,4,4
4292,20,20
4293,12,12
4294,5,5
4295,14,14
4296,21,21
4297,2,2
4298,10,10
4299,8,8
4300,7,7
4301,21,19
4302,24,24
4303,10,10
4304,6,6
4305,7,7
4306,12,12
4307,20,10
4308,19,23
4309,12,18
4310,3,3
4311,2,2
4312,4,18
4313,12,12
4314,21,5
4315,20,20
4316,15,15
4317,1,1
4318,12,4
4319,14,14
4320,2,2
4321,1,1
4322,24,18
4323,14,14
4324,19,19
4325,14,16
4326,10,10
4327,12,12
4328,14,14
4329,15,15
4330,16,16
4331,14,14
4332,12,12
4333,4,4
4334,18,18
4335,7,7
4336,15,15
4337,8,8
4338,5,5
4339,15,15
4340,0,0
4341,15,15
4342,8,8
4343,24,24
4344,4,4
4345,21,21
4346,2,2
4347,6,6
4348,20,20
4349,0,0
4350,5,5
4351,20,20
4352,8,8
4353,12,12
4354,8,8
4355,2,2
4356,21,21
4357,12,18
4358,24,19
4359,19,11
4360,10,10
4361,19,19
4362,18,18
4363,24,24
4364,7,6
4365,3,3
4366,24,24
4367,5,5
4368,2,2
4369,7,7
4370,10,15
4371,20,20
4372,12,12
4373,21,19
4374,19,19
4375,22,22
4376,6,6
4377,0,0
4378,2,2
4379,0,0
4380,23,23
4381,0,0
4382,12,12
4383,13,13
4384,21,21
4385,2,2
4386,1,1
4387,23,23
4388,7,7
4389,12,12
4390,19,19
4391,13,13
4392,16,16
4393,12,12
4394,4,4
4395,6,6
4396,15,15
4397,3,3
4398,7,7
4399,1,1
4400,7,6
4401,1,1
4402,13,13
4403,21,21
4404,18,18
4405,23,23
4406,3,3
4407,3,3
4408,16,16
4409,13,13
4410,0,0
4411,0,0
4412,12,12
4413,8,8
4414,19,19
4415,20,20
4416,16,16
4417,1,1
4418,10,10
4419,21,19
4420,5,5
4421,21,23
4422,24,24
4423,11,11
4424,8,0
4425,15,15
4426,7,7
4427,2,2
4428,7,7
4429,8,8
4430,12,12
4431,15,15
4432,14,14
4433,12,12
4434,7,7
4435,4,4
4436,4,4
4437,16,16
4438,20,20
4439,8,24
4440,24,17
4441,17,17
4442,20,20
4443,1,1
4444,12,18
4445,2,2
4446,10,10
4447,7,7
4448,23,23
4449,12,12
4450,12,4
4451,4,4
4452,3,3
4453,7,6
4454,22,22
4455,20,20
4456,15,15
4457,11,11
4458,1,1
4459,12,12
4460,11,11
4461,8,8
4462,12,18
4463,5,5
4464,11,11
4465,4,4
4466,1,1
4467,19,19
4468,19,19
4469,8,8
4470,21,23
4471,2,2
4472,19,19
4473,24,24
4474,1,1
4475,10,10
4476,1,1
4477,24,24
4478,7,7
4479,20,20
4480,7,7
4481,6,6
4482,12,12
4483,18,18
4484,7,19
4485,15,15
4486,12,18
4487,7,7
4488,13,13
4489,1,1
4490,10,8
4491,11,11
4492,21,19
4493,8,8
4494,22,22
4495,14,16
4496,13,13
4497,6,6
4498,7,7
4499,15,15
4500,7,7
4501,12,18
4502,6,6
4503,6,6
4504,18,12
4505,8,23
4506,11,11
4507,18,18
4508,4,4
4509,11,11
4510,4,4
4511,3,3
4512,12,18
4513,14,14
4514,6,6
4515,21,22
4516,2,2
4517,13,0
4518,8,8
4519,15,15
4520,23,23
4521,18,18
4522,12,12
4523,24,24
4524,5,5
4525,10,10
4526,4,4
4527,22,22
4528,3,3
4529,13,0
4530,18,12
4531,3,23
4532,23,22
4533,1,1
4534,14,14
4535,7,7
4536,23,23
4537,0,0
4538,3,3
4539,4,4
4540,13,13
4541,21,21
4542,18,18
4543,11,11
4544,17,17
4545,7,7
4546,3,3
4547,5,5
4548,3,23
4549,2,2
4550,24,24
4551,24,22
4552,23,23
4553,10,10
4554,7,7
4555,13,13
4556,4,4
4557,7,7
4558,13,13
4559,18,12
4560,17,20
4561,18,18
4562,6,6
4563,6,6
4564,17,17
4565,6,6
4566,3,3
4567,10,10
4568,15,15
4569,16,16
4570,12,12
4571,1,1
4572,4,4
4573,3,3
4574,1,1
4575,7,7
4576,24,8
4577,15,15
4578,24,19
4579,10,10
4580,6,6
4581,15,15
4582,12,12
4583,6,6
4584,10,10
4585,23,23
4586,6,6
4587,16,16
4588,8,8
4589,19,19
4590,14,14
4591,0,0
4592,2,2
4593,8,8
4594,17,17
4595,2,2
4596,18,18
4597,8,8
4598,6,6
4599,22,22
4600,6,6
4601,6,6
4602,10,10
4603,0,0
4604,20,20
4605,20,20
4606,18,18
4607,0,0
4608,0,0
4609,18,12
4610,7,7
4611,8,8
4612,18,18
4613,19,19
4614,4,4
4615,21,21
4616,21,23
4617,10,17
4618,18,18
4619,24,17
4620,16,16
4621,4,4
4622,16,16
4623,19,19
4624,6,6
4625,7,7
4626,21,21
4627,6,7
4628,7,7
4629,21,22
4630,10,20
4631,12,12
4632,8,8
4633,18,18
4634,21,21
4635,6,16
4636,8,0
4637,10,10
4638,17,17
4639,19,19
4640,0,0
4641,24,24
4642,4,4
4643,7,7
4644,19,19
4645,4,4
4646,0,0
4647,14,2
4648,12,12
4649,0,0
4650,24,22
4651,14,14
4652,20,3
4653,3,3
4654,6,6
4655,2,2
4656,2,2
4657,24,22
4658,10,10
4659,1,1
4660,2,2
4661,18,12
4662,5,5
4663,12,12
4664,15,15
4665,1,1
4666,5,5
4667,7,6
4668,12,4
4669,2,2
4670,13,13
4671,1,1
4672,19,23
4673,7,7
4674,13,13
4675,10,10
4676,2,2
4677,3,3
4678,13,13
4679,20,20
4680,23,22
4681,12,12
4682,5,5
4683,17,17
4684,24,22
4685,21,21
4686,6,16
4687,6,6
4688,6,16
4689,13,16
4690,8,8
4691,12,12
4692,14,14
4693,6,6
4694,0,0
4695,12,12
4696,17,17
4697,12,18
4698,16,16
4699,4,4
4700,18,18
4701,8,8
4702,19,19
4703,16,16
4704,5,5
4705,8,8
4706,19,23
4707,1,1
4708,15,15
4709,22,17
4710,0,0
4711,6,6
4712,14,14
4713,14,14
4714,5,2
4715,1,1
4716,2,2
4717,6,6
4718,21,21
4719,21,5
4720,4,4
4721,0,0
4722,14,14
4723,23,23
4724,4,4
4725,23,23
4726,4,4
4727,8,8
4728,6,6
4729,16,16
4730,16,16
4731,3,3
4732,23,23
4733,22,20
4734,16,16
4735,18,12
4736,24,18
4737,24,24
4738,22,22
4739,5,5
4740,10,10
4741,11,11
4742,8,0
4743,2,2
4744,2,2
4745,19,19
4746,21,19
4747,8,8
4748,1,3
4749,13,0
4750,7,7
4751,4,4
4752,18,12
4753,24,24
4754,13,0
4755,20,20
4756,15,15
4757,15,15
4758,14,14
4759,1,3
4760,8,24
4761,0,0
4762,12,12
4763,15,15
4764,19,19
4765,1,1
4766,2,2
4767,15,15
4768,22,22
4769,12,12
4770,14,14
4771,3,3
4772,15,15
4773,13,0
4774,15,15
4775,7,7
4776,13,13
4777,22,22
4778,21,21
4779,10,10
4780,0,0
4781,17,17
4782,15,15
4783,18,12
4784,4,4
4785,2,2
4786,21,22
4787,6,6
4788,21,21
4789,6,6
4790,18,18
4791,7,7
4792,6,7
4793,3,3
4794,1,1
4795,10,10
4796,5,5
4797,12,12
4798,4,4
4799,4,4
4800,13,12
4801,23,23
4802,21,21
4803,15,15
4804,4,4
4805,7,7
4806,0,0
4807,19,19
4808,17,17
4809,5,5
4810,12,12
4811,5,5
4812,2,2
4813,15,15
4814,4,4
4815,13,13
4816,21,5
4817,1,3
4818,2,2
4819,10,17
4820,23,23
4821,12,12
4822,15,15
4823,7,7
4824,19,19
4825,17,17
4826,3,3
4827,7,7
4828,17,17
4829,22,10
4830,11,11
4831,14,2
4832,17,17
4833,15,15
4834,11,11
4835,10,17
4836,12,12
4837,4,4
4838,1,1
4839,4,4
4840,15,15
4841,15,15
4842,6,6
4843,12,12
4844,3,3
4845,23,23
4846,10,20
4847,16,16
4848,3,3
4849,18,18
4850,4,4
4851,21,21
4852,1,1
4853,1,1
4854,13,13
4855,20,20
4856,1,1
4857,24,24
4858,23,23
4859,2,2
4860,7,7
4861,1,3
4862,10,10
4863,5,5
4864,18,18
4865,10,8
4866,0,0
4867,3,3
4868,20,20
4869,6,6
4870,2,2
4871,4,4
4872,18,4
4873,19,19
4874,1,1
4875,6,6
4876,19,23
4877,10,10
4878,18,18
4879,12,12
4880,10,10
4881,20,20
4882,11,11
4883,16,16
4884,7,7
4885,22,22
4886,20,20
4887,11,11
4888,13,0
4889,2,2
4890,6,6
4891,5,5
4892,18,4
4893,7,7
4894,6,6
4895,7,7
4896,18,18
4897,17,17
4898,3,23
4899,18,18
4900,10,10
4901,18,18
4902,4,4
4903,4,4
4904,21,21
4905,12,12
4906,1,1
4907,0,0
4908,23,23
4909,23,22
4910,10,20
4911,12,18
4912,23,23
4913,15,15
4914,15,15
4915,16,16
4916,13,16
4917,3,3
4918,18,18
4919,4,18
4920,15,15
4921,21,22
4922,1,1
4923,6,7
4924,23,23
4925,3,3
4926,8,8
4927,21,21
4928,13,13
4929,1,1
4930,14,14
4931,6,6
4932,18,18
4933,13,13
4934,21,22
4935,13,13
4936,11,11
4937,8,8
4938,3,3
4939,11,11
4940,12,4
4941,5,2
4942,4,4
4943,24,24
4944,20,20
4945,10,10
4946,4,4
4947,23,23
4948,17,21
4949,5,5
4950,16,16
4951,21,21
4952,1,1
4953,24,24
4954,7,7
4955,21,5
4956,7,7
4957,23,22
4958,12,12
4959,4,4
4960,21,22
4961,3,3
4962,14,14
4963,21,21
4964,5,5
4965,2,2
4966,7,7
4967,10,23
4968,3,3
4969,1,1
4970,3,3
4971,7,7
4972,6,6
4973,12,12
4974,24,24
4975,5,5
4976,14,14
4977,1,1
4978,24,24
4979,13,13
4980,10,10
4981,22,22
4982,8,8
4983,17,21
4984,15,15
4985,19,19
4986,10,17
4987,10,10
4988,16,16
4989,1,1
4990,19,19
4991,15,15
4992,12,12
4993,5,5
4994,16,16
4995,6,6
4996,2,2
4997,10,10
4998,5,5
4999,13,13
5000,24,19
5001,19,19
5002,2,2
5003,18,18
5004,2,2
5005,0,0
5006,18,18
5007,3,3
5008,23,23
5009,7,7
5010,1,1
5011,2,2
5012,0,0
5013,15,15
5014,12,12
5015,3,23
5016,16,16
5017,6,6
5018,0,0
5019,18,18
5020,7,7
5021,16,16
5022,11,11
5023,24,24
5024,10,10
5025,6,7
5026,7,7
5027,2,2
5028,7,7
5029,4,4
5030,15,15
5031,17,17
5032,18,12
5033,18,18
5034,1,1
5035,21,22
5036,23,23
5037,12,12
5038,6,6
5039,13,19
5040,4,4
5041,1,1
5042,5,5
5043,11,11
5044,14,14
5045,0,0
5046,12,12
5047,10,10
5048,5,5
5049,24,24
5050,14,14
5051,8,8
5052,4,4
5053,17,17
5054,8,8
5055,5,5
5056,2,2
5057,0,0
5058,6,6
5059,7,7
5060,18,18
5061,3,3
5062,0,0
5063,17,21
5064,2,2
5065,19,19
5066,6,6
5067,6,16
5068,20,20
5069,1,1
5070,19,19
5071,15,15
5072,10,17
5073,18,18
5074,0,0
5075,18,4
5076,22,22
5077,20,20
5078,15,15
5079,21,23
5080,12,12
5081,0,0
5082,0,0
5083,2,2
5084,11,11
5085,14,16
5086,18,18
5087,14,14
5088,13,16
5089,16,16
5090,7,7
5091,14,14
5092,16,16
5093,7,7
5094,7,7
5095,14,14
5096,2,2
5097,14,16
5098,5,5
5099,3,3
5100,8,8
5101,8,8
5102,15,15
5103,13,13
5104,3,3
5105,20,20
5106,8,8
5107,12,12
5108,18,18
5109,10,17
5110,14,14
5111,21,21
5112,4,4
5113,20,10
5114,1,1
5115,22,22
5116,3,3
5117,8,8
5118,24,24
5119,6,6
5120,17,17
5121,1,1
5122,15,15
5123,20,3
5124,4,4
5125,23,23
5126,7,7
5127,2,2
5128,13,13
5129,7,7
5130,13,16
5131,2,2
5132,12,4
5133,7,7
5134,8,8
5135,11,11
5136,18,18
5137,16,16
5138,3,3
5139,10,10
5140,12,12
5141,1,1
5142,2,2
5143,4,4
5144,1,1
5145,1,1
5146,1,1
5147,24,24
5148,15,15
5149,14,14
5150,13,13
5151,2,2
5152,7,7
5153,23,23
5154,24,24
5155,23,23
5156,3,3
5157,15,15
5158,18,18
5159,7,7
5160,1,1
5161,10,10
5162,18,18
5163,1,1
5164,1,1
5165,22,10
5166,18,4
5167,6,6
5168,23,23
5169,4,4
5170,17,17
5171,2,2
5172,17,17
5173,10,10
5174,12,12
5175,20,20
5176,19,19
5177,21,19
5178,1,1
5179,15,15
5180,1,1
5181,18,18
5182,18,18
5183,5,5
5184,16,16
5185,22,22
5186,8,24
5187,24,24
5188,6,6
5189,8,8
5190,18,12
5191,10,17
5192,16,16
5193,10,10
5194,14,14
5195,22,20
5196,14,14
5197,8,8
5198,4,4
5199,13,0
5200,13,13
5201,7,7
5202,7,7
5203,22,22
5204,23,23
5205,1,1
5206,10,8
5207,15,15
5208,20,20
5209,6,6
5210,5,5
5211,3,3
5212,21,21
5213,20,20
5214,19,19
5215,11,11
5216,3,3
5217,16,16
5218,11,11
5219,0,0
5220,8,8
5221,4,4
5222,7,7
5223,11,11
5224,20,20
5225,24,24
5226,7,7
5227,8,24
5228,6,6
5229,14,14
5230,23,22
5231,4,4
5232,4,4
5233,23,23
5234,20,20
5235,11,11
5236,21,21
5237,19,19
5238,15,15
5239,13,0
5240,13,13
5241,23,23
5242,21,19
5243,4,4
5244,7,7
5245,24,24
5246,15,15
5247,15,15
5248,4,4
5249,23,23
5250,0,0
5251,4,4
5252,16,16
5253,8,8
5254,0,0
5255,20,20
5256,2,2
5257,2,2
5258,7,7
5259,23,23
5260,10,15
5261,6,6
5262,12,12
5263,3,3
5264,16,16
5265,17,17
5266,1,1
5267,1,1
5268,1,3
5269,4,4
5270,17,17
5271,5,5
5272,17,21
5273,4,4
5274,4,4
5275,0,0
5276,21,22
5277,11,11
5278,22,22
5279,5,5
5280,0,0
5281,8,8
5282,2,2
5283,23,23
5284,0,0
5285,18,12
5286,0,0
5287,17,17
5288,0,0
5289,6,7
5290,2,2
5291,19,23
5292,20,20
5293,1,1
5294,20,20
5295,8,23
5296,2,2
5297,3,3
5298,1,1
5299,5,5
5300,6,6
5301,1,1
5302,4,4
5303,4,4
5304,22,22
5305,10,15
5306,4,4
5307,3,3
5308,7,7
5309,11,11
5310,2,2
5311,6,6
5312,1,1
5313,19,23
5314,5,5
5315,5,5
5316,13,13
5317,12,12
5318,8,8
5319,13,0
5320,8,8
5321,23,23
5322,19,19
5323,7,7
5324,14,14
5325,23,22
5326,21,21
5327,4,4
5328,2,2
5329,1,1
5330,13,13
5331,22,22
5332,4,4
5333,1,1
5334,6,16
5335,8,8
5336,7,7
5337,7,7
5338,23,23
5339,7,7
5340,18,18
5341,1,1
5342,15,15
5343,13,13
5344,4,4
5345,14,14
5346,8,8
5347,21,21
5348,11,11
5349,5,5
5350,14,14
5351,7,7
5352,4,4
5353,12,12
5354,2,2
5355,24,19
5356,10,10
5357,15,15
5358,7,7
5359,21,19
5360,0,0
5361,4,4
5362,16,16
5363,15,15
5364,2,2
5365,24,19
5366,22,22
5367,10,17
5368,23,23
5369,2,2
5370,24,24
5371,23,23
5372,20,24
5373,7,7
5374,18,4
5375,21,21
5376,1,1
5377,0,0
5378,4,4
5379,7,7
5380,6,6
5381,19,19
5382,19,23
5383,10,10
5384,11,11
5385,10,10
5386,18,18
5387,6,6
5388,11,11
5389,24,24
5390,24,24
5391,15,15
5392,13,13
5393,19,19
5394,15,15
5395,18,18
5396,1,1
5397,8,8
5398,10,8
5399,18,4
5400,1,1
5401,23,23
5402,4,4
5403,0,0
5404,14,14
5405,23,23
5406,1,1
5407,15,15
5408,1,1
5409,1,1
5410,13,13
5411,14,2
5412,21,23
5413,16,16
5414,3,3
5415,13,13
5416,23,23
5417,16,16
5418,22,22
5419,7,7
5420,16,16
5421,4,4
5422,10,20
5423,4,4
5424,5,5
5425,7,7
5426,12,12
5427,24,24
5428,7,7
5429,5,5
5430,12,12
5431,10,10
5432,10,10
5433,0,0
5434,23,23
5435,5,5
5436,1,1
5437,10,10
5438,22,10
5439,7,7
5440,10,20
5441,1,1
5442,15,15
5443,23,23
5444,11,11
5445,12,12
5446,21,21
5447,22,22
5448,7,7
5449,4,4
5450,21,21
5451,19,19
5452,13,19
5453,10,10
5454,22,22
5455,6,6
5456,11,11
5457,22,22
5458,1,1
5459,11,11
5460,1,1
5461,21,21
5462,12,12
5463,10,23
5464,7,7
5465,4,4
5466,16,16
5467,12,18
5468,7,7
5469,21,21
5470,14,14
5471,24,22
5472,19,19
5473,4,4
5474,23,23
5475,20,20
5476,12,12
5477,13,0
5478,16,16
5479,16,16
5480,6,6
5481,20,20
5482,19,19
5483,10,10
5484,24,24
5485,1,1
5486,23,23
5487,10,8
5488,21,22
5489,14,14
5490,6,6
5491,12,12
5492,1,1
5493,2,2
5494,1,1
5495,6,6
5496,17,17
5497,5,5
5498,20,24
5499,7,7
5500,7,7
5501,14,14
5502,7,7
5503,2,2
5504,4,4
5505,12,12
5506,19,23
5507,23,23
5508,23,23
5509,13,0
5510,7,7
5511,13,16
5512,12,4
5513,16,16
5514,20,20
5515,8,8
5516,7,7
5517,5,5
5518,7,7
5519,12,12
5520,3,3
5521,3,3
5522,23,23
5523,8,8
5524,23,23
5525,20,20
5526,6,6
5527,22,22
5528,15,15
5529,17,17
5530,10,8
5531,22,22
5532,19,19
5533,10,10
5534,18,18
5535,13,16
5536,14,2
5537,10,10
5538,23,23
5539,7,7
5540,24,24
5541,0,0
5542,23,22
5543,7,7
5544,5,5
5545,24,8
5546,14,2
5547,4,4
5548,18,18
5549,21,21
5550,2,2
5551,14,14
5552,20,20
5553,13,13
5554,8,8
5555,20,20
5556,24,24
5557,3,3
5558,5,5
5559,24,24
5560,4,4
5561,10,8
5562,19,19
5563,1,1
5564,13,13
5565,6,6
5566,23,22
5567,19,23
5568,7,7
5569,3,23
5570,4,4
5571,17,20
5572,1,1
5573,7,7
5574,11,11
5575,4,4
5576,4,4
5577,3,3
5578,3,3
5579,20,20
5580,6,6
5581,24,24
5582,15,15
5583,3,3
5584,5,2
5585,2,2
5586,21,17
5587,0,0
5588,18,18
5589,16,16
5590,14,16
5591,7,7
5592,17,21
5593,19,19
5594,6,6
5595,12,18
5596,0,0
5597,12,12
5598,1,1
5599,0,0
5600,3,3
5601,17,17
5602,21,21
5603,7,7
5604,19,19
5605,5,5
5606,0,0
5607,8,8
5608,2,2
5609,18,18
5610,23,23
5611,14,14
5612,1,3
5613,19,19
5614,5,5
5615,24,22
5616,7,7
5617,4,4
5618,2,2
5619,6,6
5620,16,16
5621,5,5
5622,15,15
5623,12,12
5624,10,10
5625,14,14
5626,0,0
5627,6,16
5628,12,12
5629,4,4
5630,21,21
5631,18,18
5632,15,15
5633,17,17
5634,15,15
5635,14,14
5636,12,12
5637,19,23
5638,1,1
5639,18,18
5640,13,16
5641,4,4
5642,7,7
5643,11,11
5644,21,21
5645,4,4
5646,12,12
5647,24,24
5648,20,20
5649,15,15
5650,19,23
5651,0,0
5652,24,24
5653,12,12
5654,12,12
5655,3,3
5656,15,15
5657,12,12
5658,24,24
5659,8,0
5660,1,1
5661,24,24
5662,23,23
5663,20,20
5664,1,1
5665,10,10
5666,1,1
5667,4,4
5668,8,0
5669,23,23
5670,10,23
5671,22,10
5672,24,24
5673,0,0
5674,12,12
5675,11,11
5676,12,18
5677,18,18
5678,1,1
5679,19,19
5680,3,3
5681,14,14
5682,23,23
5683,12,12
5684,2,2
5685,12,12
5686,23,23
5687,1,1
5688,4,4
5689,7,7
5690,23,23
5691,3,3
5692,3,3
5693,10,17
5694,22,22
5695,1,1
5696,11,11
5697,4,4
5698,11,2
5699,1,1
5700,7,7
5701,21,21
5702,6,6
5703,12,18
5704,4,4
5705,15,15
5706,19,23
5707,13,13
5708,22,22
5709,13,19
5710,16,16
5711,13,0
5712,1,1
5713,18,18
5714,17,20
5715,0,0
5716,2,2
5717,10,10
5718,1,1
5719,15,15
5720,4,4
5721,15,15
5722,1,1
5723,5,5
5724,4,4
5725,21,21
5726,12,12
5727,4,4
5728,21,22
5729,7,7
5730,22,22
5731,4,4
5732,12,12
5733,0,0
5734,24,24
5735,21,22
5736,0,0
5737,10,23
5738,12,18
5739,16,16
5740,22,22
5741,18,4
5742,8,8
5743,13,19
5744,1,1
5745,4,4
5746,7,7
5747,21,21
5748,16,16
5749,0,0
5750,18,4
5751,1,1
5752,4,4
5753,12,12
5754,2,2
5755,12,12
5756,19,19
5757,24,8
5758,24,24
5759,18,12
5760,12,12
5761,8,8
5762,5,5
5763,10,20
5764,17,17
5765,12,12
5766,8,8
5767,23,22
5768,24,24
5769,19,19
5770,13,13
5771,10,10
5772,6,6
5773,5,2
5774,20,24
5775,0,0
5776,1,3
5777,12,12
5778,12,13
5779,24,17
5780,2,2
5781,7,7
5782,21,21
5783,15,15
5784,7,7
5785,13,13
5786,12,12
5787,24,24
5788,7,7
5789,24,24
5790,10,10
5791,21,21
5792,23,23
5793,16,16
5794,0,0
5795,10,8
5796,2,2
5797,2,2
5798,7,7
5799,13,13
5800,21,21
5801,18,4
5802,15,15
5803,3,3
5804,18,18
5805,3,3
5806,4,4
5807,18,18
5808,15,15
5809,2,2
5810,10,10
5811,23,23
5812,4,4
5813,12,12
5814,22,22
5815,6,7
5816,21,21
5817,16,16
5818,12,12
5819,23,23
5820,1,1
5821,8,8
5822,15,15
5823,20,20
5824,22,22
5825,22,20
5826,22,10
5827,10,8
5828,18,18
5829,12,18
5830,20,20
5831,0,0
5832,0,0
5833,5,5
5834,2,2
5835,18,18
5836,10,23
5837,7,7
5838,1,1
5839,0,0
5840,0,0
5841,14,14
5842,13,13
5843,18,18
5844,23,23
5845,18,12
5846,20,24
5847,24,24
5848,20,24
5849,20,20
5850,12,12
5851,5,5
5852,18,18
5853,1,1
5854,20,20
5855,0,0
5856,6,16
5857,22,17
5858,17,20
5859,22,20
5860,1,1
5861,14,14
5862,19,19
5863,5,5
5864,23,23
5865,0,0
5866,13,13
5867,21,22
5868,18,18
5869,24,8
5870,5,5
5871,21,21
5872,7,7
5873,7,7
5874,4,4
5875,13,13
5876,4,4
5877,4,4
5878,20,17
5879,1,1
5880,7,7
5881,1,1
5882,24,24
5883,19,23
5884,2,2
5885,4,4
5886,21,21
5887,2,2
5888,22,22
5889,1,1
5890,8,8
5891,24,24
5892,17,17
5893,12,12
5894,1,1
5895,13,0
5896,18,18
5897,0,0
5898,2,2
5899,1,1
5900,0,0
5901,21,5
5902,20,20
5903,12,4
5904,24,24
5905,6,16
5906,2,2
5907,2,2
5908,11,11
5909,19,19
5910,4,4
5911,4,4
5912,2,2
5913,1,1
5914,20,20
5915,23,23
5916,10,17
5917,24,24
5918,19,19
5919,0,0
5920,5,5
5921,0,0
5922,12,12
5923,21,19
5924,1,1
5925,20,20
5926,6,6
5927,5,5
5928,15,15
5929,4,4
5930,13,16
5931,16,16
5932,5,5
5933,12,12
5934,7,7
5935,13,13
5936,21,21
5937,11,2
5938,20,10
5939,5,5
5940,19,19
5941,0,0
5942,6,6
5943,0,0
5944,20,10
5945,19,19
5946,24,24
5947,15,15
5948,4,4
5949,12,12
5950,19,19
5951,11,11
5952,18,12
5953,1,1
5954,13,0
5955,12,12
5956,13,13
5957,24,24
5958,0,0
5959,13,13
5960,0,0
5961,15,15
5962,4,4
5963,1,1
5964,10,15
5965,6,6
5966,23,23
5967,3,3
5968,1,1
5969,4,4
5970,18,18
5971,0,0
5972,11,11
5973,23,23
5974,15,15
5975,1,3
5976,11,11
5977,12,12
5978,13,13
5979,10,10
5980,22,22
5981,17,20
5982,18,4
5983,4,4
5984,5,5
5985,20,20
5986,14,14
5987,0,0
5988,5,5
5989,7,7
5990,7,7
5991,12,13
5992,4,4
5993,11,11
5994,7,7
5995,18,18
5996,1,3
5997,13,13
5998,12,12
5999,1,3
6000,5,5
6001,10,10
6002,14,14
6003,18,12
6004,4,4
6005,15,15
6006,24,8
6007,5,5
6008,23,23
6009,5,5
6010,4,4
6011,24,24
6012,19,19
6013,11,11
6014,24,19
6015,13,6
6016,4,4
6017,4,4
6018,7,7
6019,16,16
6020,16,16
6021,11,11
6022,1,1
6023,5,5
6024,20,20
6025,23,23
6026,6,6
6027,1,1
6028,7,7
6029,12,12
6030,6,6
6031,11,11
6032,6,6
6033,12,18
6034,1,1
6035,6,16
6036,20,10
6037,0,0
6038,4,4
6039,0,0
6040,8,0
6041,21,23
6042,7,7
6043,7,7
6044,4,4
6045,12,12
6046,3,3
6047,24,24
6048,4,4
6049,15,15
6050,0,0
6051,16,16
6052,22,17
6053,4,4
6054,11,11
6055,21,21
6056,13,0
6057,5,5
6058,0,0
6059,6,6
6060,12,12
6061,14,14
6062,10,10
6063,6,6
6064,6,6
6065,24,24
6066,21,21
6067,12,12
6068,5,5
6069,15,15
6070,12,12
6071,12,4
6072,13,13
6073,17,17
6074,5,5
6075,17,17
6076,5,5
6077,6,16
6078,12,12
6079,15,15
6080,20,20
6081,3,3
6082,13,13
6083,12,12
6084,1,1
6085,15,15
6086,14,14
6087,22,22
6088,15,15
6089,7,6
6090,20,20
6091,1,3
6092,4,4
6093,1,1
6094,7,7
6095,4,4
6096,4,4
6097,4,4
6098,11,11
6099,24,24
6100,4,4
6101,11,11
6102,17,17
6103,0,0
6104,10,17
6105,22,22
6106,23,23
6107,13,13
6108,7,7
6109,12,12
6110,5,5
6111,1,1
6112,15,15
6113,4,4
6114,24,24
6115,12,4
6116,15,15
6117,0,0
6118,8,8
6119,6,6
6120,10,23
6121,6,6
6122,5,5
6123,6,6
6124,0,0
6125,6,16
6126,24,24
6127,4,4
6128,16,16
6129,24,24
6130,0,0
6131,24,24
6132,24,24
6133,13,12
6134,24,24
6135,4,4
6136,4,4
6137,8,0
6138,10,15
6139,0,0
6140,0,0
6141,15,15
6142,12,12
6143,10,10
6144,19,23
6145,18,18
6146,2,2
6147,18,18
6148,20,20
6149,7,7
6150,20,20
6151,2,2
6152,0,0
6153,2,2
6154,20,24
6155,5,5
6156,4,4
6157,14,2
6158,21,21
6159,22,22
6160,20,20
6161,2,2
6162,11,11
6163,21,19
6164,8,8
6165,12,12
6166,4,4
6167,11,11
6168,19,23
6169,13,13
6170,12,12
6171,15,15
6172,2,2
6173,16,16
6174,4,4
6175,3,3
6176,14,14
6177,15,15
6178,5,5
6179,7,7
6180,14,14
6181,24,24
6182,8,8
6183,5,2
6184,8,23
6185,2,2
6186,7,7
6187,10,10
6188,12,4
6189,17,17
6190,8,8
6191,20,24
6192,4,4
6193,6,6
6194,0,0
6195,13,13
6196,13,13
6197,15,15
6198,19,19
6199,15,15
6200,12,12
6201,24,24
6202,16,16
6203,8,8
6204,1,1
6205,2,2
6206,17,17
6207,5,5
6208,24,24
6209,19,23
6210,0,0
6211,18,18
6212,5,5
6213,18,18
6214,7,7
6215,10,10
6216,24,24
6217,8,8
6218,16,16
6219,13,13
6220,4,4
6221,20,20
6222,4,4
6223,3,3
6224,7,7
6225,4,4
6226,18,18
6227,1,3
6228,3,3
6229,14,14
6230,10,17
6231,12,4
6232,6,6
6233,0,0
6234,14,14
6235,12,12
6236,14,14
6237,15,15
6238,7,7
6239,10,15
6240,14,14
6241,2,2
6242,11,11
6243,14,14
6244,22,17
6245,6,6
6246,24,18
6247,19,23
6248,18,18
6249,10,10
6250,0,0
6251,20,20
6252,8,8
6253,22,10
6254,3,3
6255,20,20
6256,18,18
6257,2,2
6258,3,3
6259,16,16
6260,21,19
6261,15,15
6262,5,5
6263,7,7
6264,18,18
6265,15,15
6266,7,7
6267,7,7
6268,3,3
6269,4,4
6270,24,19
6271,24,19
6272,19,19
6273,7,7
6274,24,24
6275,5,5
6276,11,11
6277,21,21
6278,1,1
6279,15,15
6280,11,11
6281,24,19
6282,10,10
6283,10,10
6284,5,5
6285,13,13
6286,6,6
6287,15,15
6288,0,0
6289,22,10
6290,15,15
6291,11,11
6292,7,7
6293,15,15
6294,8,8
6295,12,12
6296,24,18
6297,4,4
6298,15,15
6299,22,22
6300,0,0
6301,11,11
6302,17,21
6303,4,4
6304,14,14
6305,14,14
6306,11,2
6307,12,13
6308,19,19
6309,14,16
6310,7,7
6311,15,15
6312,22,10
6313,20,20
6314,7,7
6315,3,3
6316,23,23
6317,7,7
6318,0,0
6319,8,8
6320,4,4
6321,0,0
6322,20,20
6323,15,15
6324,4,4
6325,20,20
6326,12,18
6327,19,19
6328,5,5
6329,19,23
6330,22,22
6331,10,10
6332,6,6
6333,6,6
6334,22,22
6335,4,4
6336,19,23
6337,0,0
6338,19,19
6339,11,11
6340,11,2
6341,3,3
6342,22,22
6343,15,15
6344,8,23
6345,0,0
6346,8,24
6347,13,0
6348,5,5
6349,6,16
6350,24,8
6351,1,1
6352,13,0
6353,21,22
6354,20,20
6355,24,24
6356,13,13
6357,4,4
6358,4,4
6359,7,7
6360,23,23
6361,1,1
6362,18,18
6363,3,3
6364,7,7
6365,15,15
6366,0,0
6367,23,23
6368,3,3
6369,5,5
6370,15,15
6371,13,13
6372,21,22
6373,8,8
6374,8,8
6375,19,23
6376,17,17
6377,4,4
6378,4,4
6379,7,7
6380,4,4
6381,7,7
6382,2,2
6383,1,1
6384,10,10
6385,23,23
6386,6,6
6387,2,2
6388,4,4
6389,0,0
6390,4,4
6391,7,7
6392,20,10
6393,4,4
6394,10,10
6395,0,0
6396,2,2
6397,5,5
6398,12,12
6399,8,8
6400,1,1
6401,14,14
6402,14,14
6403,7,7
6404,17,17
6405,4,4
6406,15,15
6407,24,22
6408,0,0
6409,1,1
6410,14,14
6411,23,23
6412,23,23
6413,20,10
6414,21,17
6415,1,1
6416,14,16
6417,11,2
6418,13,13
6419,2,5
6420,24,22
6421,4,4
6422,8,8
6423,10,10
6424,0,0
6425,19,23
6426,11,11
6427,4,4
6428,14,14
6429,6,6
6430,20,20
6431,22,22
6432,2,2
6433,4,4
6434,21,22
6435,19,19
6436,6,6
6437,16,16
6438,16,16
6439,20,20
6440,8,23
6441,19,23
6442,13,19
6443,1,1
6444,23,23
6445,19,19
6446,1,1
6447,22,22
6448,4,4
6449,7,7
6450,20,24
6451,24,24
6452,4,4
6453,4,4
6454,23,23
6455,13,13
6456,2,2
6457,7,7
6458,1,1
6459,15,15
6460,14,14
6461,7,7
6462,22,22
6463,13,16
6464,15,15
6465,1,1
6466,7,7
6467,1,1
6468,24,8
6469,13,13
6470,24,24
6471,11,11
6472,6,6
6473,4,4
6474,11,11
6475,20,20
6476,3,3
6477,15,15
6478,15,15
6479,1,3
6480,22,22
6481,1,1
6482,23,22
6483,11,11
6484,20,24
6485,2,2
6486,5,5
6487,20,20
6488,7,7
6489,6,6
6490,21,21
6491,1,1
6492,3,3
6493,20,20
6494,24,24
6495,10,10
6496,2,2
6497,7,7
6498,23,23
6499,15,15
6500,3,3
6501,4,4
6502,3,3
6503,19,23
6504,17,17
6505,15,15
6506,8,8
6507,8,8
6508,21,21
6509,12,12
6510,0,0
6511,16,16
6512,13,13
6513,6,16
6514,12,12
6515,8,8
6516,1,1
6517,6,6
6518,11,11
6519,16,16
6520,23,23
6521,4,4
6522,7,7
6523,15,15
6524,12,12
6525,10,10
6526,5,5
6527,12,12
6528,11,11
6529,5,5
6530,14,14
6531,7,7
6532,21,21
6533,3,23
6534,5,5
6535,10,10
6536,20,20
6537,18,18
6538,1,1
6539,2,2
6540,0,0
6541,18,18
6542,8,8
6543,21,21
6544,20,20
6545,18,18
6546,8,8
6547,23,23
6548,7,7
6549,22,22
6550,7,7
6551,22,22
6552,23,23
6553,16,16
6554,11,2
6555,0,0
6556,17,20
6557,10,10
6558,5,5
6559,7,7
6560,1,1
6561,1,1
6562,11,11
6563,6,6
6564,4,4
6565,21,21
6566,20,20
6567,6,6
6568,13,13
6569,3,3
6570,16,16
6571,1,1
6572,21,21
6573,13,6
6574,11,11
6575,12,12
6576,6,6
6577,23,23
6578,0,0
6579,3,3
6580,21,21
6581,12,12
6582,13,0
6583,10,17
6584,13,13
6585,7,7
6586,2,2
6587,20,10
6588,22,22
6589,18,18
6590,15,15
6591,11,11
6592,16,16
6593,24,22
6594,13,13
6595,14,14
6596,23,23
6597,23,22
6598,4,4
6599,10,23
6600,19,23
6601,7,7
6602,23,23
6603,2,2
6604,13,13
6605,12,4
6606,0,0
6607,1,1
6608,6,6
6609,6,6
6610,12,12
6611,3,3
6612,1,1
6613,5,2
6614,0,0
6615,14,14
6616,13,13
6617,20,20
6618,10,15
6619,2,2
6620,18,18
6621,15,15
6622,5,5
6623,1,1
6624,11,11
6625,1,1
6626,3,3
6627,4,4
6628,10,10
6629,11,11
6630,18,18
6631,7,7
6632,6,6
6633,2,2
6634,6,6
6635,0,0
6636,8,8
6637,24,8
6638,15,15
6639,0,0
6640,6,16
6641,23,23
6642,1,1
6643,0,0
6644,14,14
6645,14,14
6646,15,15
6647,1,1
6648,6,6
6649,20,10
6650,15,15
6651,24,19
6652,6,6
6653,3,3
6654,22,22
6655,4,4
6656,3,3
6657,21,21
6658,21,21
6659,14,14
6660,4,4
6661,14,14
6662,3,3
6663,15,15
6664,15,15
6665,1,1
6666,4,4
6667,24,24
6668,2,2
6669,20,20
6670,16,16
6671,7,7
6672,13,13
6673,22,22
6674,5,5
6675,15,15
6676,22,22
6677,23,23
6678,18,4
6679,8,8
6680,7,7
6681,24,24
6682,7,7
6683,19,19
6684,1,1
6685,12,18
6686,20,20
6687,13,13
6688,8,24
6689,18,18
6690,8,8
6691,7,7
6692,17,17
6693,2,2
6694,2,2
6695,12,18
6696,13,16
6697,22,22
6698,6,6
6699,21,22
6700,21,19
6701,2,2
6702,4,4
6703,24,11
6704,7,7
6705,2,2
6706,7,7
6707,1,1
6708,12,12
6709,20,20
6710,15,15
6711,1,1
6712,6,7
6713,2,2
6714,24,24
6715,18,18
6716,23,22
6717,21,22
6718,6,6
6719,23,23
6720,0,0
6721,0,0
6722,16,16
6723,14,14
6724,0,0
6725,19,19
6726,23,22
6727,2,2
6728,12,12
6729,11,2
6730,6,6
6731,3,3
6732,6,6
6733,4,4
6734,10,10
6735,4,4
6736,15,15
6737,6,6
6738,7,19
6739,18,18
6740,11,11
6741,13,13
6742,20,20
6743,5,5
6744,13,16
6745,22,22
6746,4,4
6747,2,2
6748,23,23
6749,13,13
6750,14,14
6751,10,10
6752,7,7
6753,0,0
6754,14,14
6755,8,8
6756,2,2
6757,6,7
6758,16,16
6759,22,22
6760,20,20
6761,12,12
6762,10,15
6763,19,19
6764,23,23
6765,7,19
6766,1,1
6767,21,21
6768,12,12
6769,12,4
6770,21,23
6771,2,2
6772,6,16
6773,21,21
6774,0,0
6775,18,18
6776,13,16
6777,5,5
6778,1,3
6779,12,12
6780,1,1
6781,18,12
6782,10,10
6783,24,24
6784,0,0
6785,4,4
6786,13,13
6787,10,10
6788,21,21
6789,24,24
6790,15,15
6791,21,21
6792,21,19
6793,22,22
6794,20,17
6795,8,8
6796,8,8
6797,10,10
6798,14,14
6799,8,8
6800,20,20
6801,15,15
6802,4,4
6803,6,6
6804,19,23
6805,24,24
6806,22,22
6807,12,18
6808,12,12
6809,21,21
6810,14,16
6811,11,11
6812,6,7
6813,22,22
6814,11,11
6815,15,15
6816,5,5
6817,2,2
6818,24,24
6819,6,6
6820,5,5
6821,4,4
6822,21,21
6823,2,2
6824,21,22
6825,8,8
6826,0,0
6827,7,7
6828,4,4
6829,18,18
6830,23,23
6831,1,1
6832,10,10
6833,18,18
6834,3,3
6835,5,2
6836,6,6
6837,1,3
6838,13,13
6839,20,20
6840,13,13
6841,18,18
6842,0,0
6843,6,6
6844,2,2
6845,2,2
6846,24,24
6847,0,0
6848,8,8
6849,4,4
6850,18,12
6851,7,7
6852,19,19
6853,6,6
6854,24,24
6855,23,23
6856,21,22
6857,21,19
6858,5,2
6859,19,19
6860,1,1
6861,2,2
6862,0,0
6863,10,20
6864,0,0
6865,18,18
6866,8,8
6867,15,15
6868,7,6
6869,1,1
6870,2,2
6871,4,4
6872,21,22
6873,15,15
6874,16,16
6875,22,22
6876,8,8
6877,0,0
6878,23,23
6879,16,16
6880,15,15
6881,22,20
6882,2,2
6883,14,14
6884,6,6
6885,11,11
6886,7,7
6887,3,3
6888,24,24
6889,6,6
6890,12,12
6891,15,15
6892,11,11
6893,21,19
6894,23,23
6895,10,10
6896,4,4
6897,16,16
6898,3,3
6899,2,2
6900,4,4
6901,0,0
6902,20,20
6903,11,11
6904,6,6
6905,14,2
6906,1,1
6907,5,2
6908,12,12
6909,17,21
6910,14,14
6911,6,6
6912,0,0
6913,22,22
6914,20,20
6915,2,2
6916,2,2
6917,22,22
6918,4,4
6919,13,13
6920,0,0
6921,13,16
6922,11,11
6923,15,15
6924,12,12
6925,0,0
6926,0,0
6927,4,4
6928,13,13
6929,16,16
6930,6,6
6931,20,20
6932,5,5
6933,7,7
6934,3,3
6935,18,18
6936,18,18
6937,12,4
6938,24,24
6939,21,17
6940,4,4
6941,24,24
6942,0,0
6943,13,0
6944,12,12
6945,18,12
6946,14,14
6947,8,8
6948,23,23
6949,4,4
6950,10,10
6951,13,16
6952,21,21
6953,16,16
6954,7,7
6955,24,24
6956,14,16
6957,24,24
6958,15,15
6959,2,2
6960,11,11
6961,20,20
6962,8,13
6963,22,22
6964,8,8
6965,0,0
6966,16,16
6967,8,8
6968,1,1
6969,8,8
6970,1,1
6971,3,3
6972,10,15
6973,22,10
6974,14,14
6975,15,15
6976,1,1
6977,1,1
6978,21,22
6979,0,0
6980,20,10
6981,16,16
6982,5,5
6983,14,14
6984,6,6
6985,15,15
6986,0,0
6987,20,20
6988,13,13
6989,15,15
6990,10,20
6991,24,24
6992,7,7
6993,5,5
6994,15,15
6995,4,4
6996,24,24
6997,11,2
6998,4,4
6999,2,2
7000,21,21
7001,5,5
7002,12,12
7003,6,6
7004,23,23
7005,24,24
7006,3,3
7007,21,21
7008,7,7
7009,10,10
7010,15,15
7011,3,23
7012,6,6
7013,1,1
7014,0,0
7015,12,12
7016,0,0
7017,10,10
7018,2,2
7019,7,7
7020,13,13
7021,15,15
7022,4,4
7023,17,17
7024,8,8
7025,3,3
7026,23,23
7027,6,6
7028,14,14
7029,20,20
7030,13,13
7031,19,19
7032,21,21
7033,3,3
7034,24,24
7035,4,4
7036,11,11
7037,11,11
7038,7,7
7039,20,20
7040,4,4
7041,15,15
7042,15,15
7043,21,21
7044,4,4
7045,13,13
7046,2,2
7047,7,7
7048,10,10
7049,4,4
7050,19,23
7051,15,15
7052,7,7
7053,24,24
7054,18,18
7055,15,15
7056,19,19
7057,15,15
7058,18,18
7059,14,14
7060,12,12
7061,12,4
7062,21,21
7063,15,15
7064,10,10
7065,2,2
7066,24,24
7067,15,15
7068,11,11
7069,3,3
7070,6,6
7071,11,11
7072,4,4
7073,7,7
7074,3,3
7075,24,24
7076,0,0
7077,1,3
7078,4,4
7079,11,11
7080,2,2
7081,0,0
7082,0,0
7083,10,10
7084,21,21
7085,4,4
7086,3,3
7087,8,8
7088,12,12
7089,1,3
7090,6,6
7091,8,0
7092,3,3
7093,16,16
7094,7,7
7095,6,6
7096,2,2
7097,6,16
7098,15,15
7099,3,3
7100,15,15
7101,16,16
7102,2,2
7103,0,0
7104,20,3
7105,6,6
7106,4,4
7107,24,8
7108,6,16
7109,21,21
7110,4,4
7111,24,19
7112,8,8
7113,24,24
7114,5,5
7115,1,1
7116,13,13
7117,7,7
7118,15,15
7119,17,17
7120,15,15
7121,13,13
7122,7,7
7123,13,13
7124,10,10
7125,23,23
7126,8,0
7127,10,10
7128,3,3
7129,21,21
7130,7,7
7131,0,0
7132,4,4
7133,0,0
7134,0,0
7135,24,24
7136,11,11
7137,6,6
7138,10,10
7139,6,6
7140,5,5
7141,21,21
7142,0,0
7143,14,14
7144,12,18
7145,4,4
7146,18,12
7147,16,16
7148,7,7
7149,3,3
7150,15,15
7151,19,19
7152,1,3
7153,12,12
7154,8,0
7155,23,22
7156,19,19
7157,7,7
7158,12,12
7159,3,3
7160,19,19
7161,24,24
7162,10,8
7163,4,4
7164,14,14
7165,8,8
7166,12,12
7167,1,3
7168,12,12
7169,2,2
7170,4,4
7171,2,2
